代码,日期,年份,昨日涨跌,开盘涨幅,当日毛收益,当日净收益,开盘价,收盘价,高开低走
000063,2024-02-07,2024,5.58,-0.04,0.35,0.25,23.07,23.15,False
000063,2024-03-11,2024,5.38,-2.19,1.63,1.53,29.52,30.0,False
000063,2024-04-18,2024,5.07,-0.97,-0.17,-0.27,28.71,28.66,False
000063,2024-07-10,2024,6.14,-0.24,0.17,0.07,28.8,28.85,False
000063,2024-12-18,2024,5.77,-2.02,6.37,6.27,32.49,34.56,False
000063,2025-01-15,2025,6.41,-1.2,-0.2,-0.3,41.0,40.92,False
000063,2025-01-22,2025,5.9,-1.31,1.72,1.62,42.32,43.05,False
000063,2025-02-06,2025,6.45,-0.73,2.72,2.62,42.25,43.4,False
000063,2025-08-21,2025,5.66,8.99,-2.23,-2.33,43.53,42.56,True
000063,2025-08-22,2025,6.56,2.21,7.01,6.91,43.5,46.55,False
000063,2025-09-02,2025,5.63,-0.71,-5.94,-6.04,47.66,44.83,False
000063,2025-09-12,2025,6.45,-1.62,2.44,2.34,43.03,44.08,False
000063,2025-10-22,2025,5.43,-2.05,-0.5,-0.6,50.19,49.94,False
000063,2026-01-13,2026,5.49,0.0,-5.09,-5.19,42.44,40.28,False
000063,2026-04-09,2026,5.26,-1.0,5.52,5.42,33.7,35.56,False
000063,2026-04-23,2026,6.08,-0.37,-0.94,-1.04,37.2,36.85,False
002049,2024-03-04,2024,6.54,-1.67,-0.71,-0.81,75.0,74.47,False
002049,2024-03-29,2024,6.9,-0.38,-0.63,-0.73,65.31,64.9,False
002049,2024-04-18,2024,6.13,-0.88,-1.68,-1.78,61.8,60.76,False
002049,2024-05-10,2024,6.3,-0.41,-0.97,-1.07,60.0,59.42,False
002049,2024-06-12,2024,5.81,-0.95,-0.14,-0.24,58.45,58.37,False
002049,2024-09-30,2024,6.2,5.82,3.95,3.85,60.0,62.37,False
002049,2025-07-30,2025,6.89,-0.26,-1.96,-2.06,73.01,71.58,False
002049,2025-08-18,2025,5.23,0.75,3.64,3.54,78.0,80.84,False
002049,2025-09-29,2025,5.95,-1.66,-0.14,-0.24,87.52,87.4,False
002049,2026-01-22,2026,5.25,1.44,-2.95,-3.05,87.6,85.02,True
002049,2026-04-09,2026,5.23,-1.04,0.28,0.18,68.29,68.48,False
002049,2026-05-12,2026,5.92,-0.99,-1.9,-2.0,81.13,79.59,False
002049,2026-05-26,2026,6.63,-0.66,-1.79,-1.89,84.46,82.95,False
002138,2024-01-26,2024,5.72,0.0,-2.62,-2.72,24.78,24.13,False
002138,2024-02-06,2024,6.41,-1.42,9.64,9.54,22.92,25.13,False
002138,2024-02-08,2024,5.97,0.04,-2.25,-2.35,26.64,26.04,True
002138,2024-07-17,2024,6.17,1.46,0.88,0.78,28.44,28.69,False
002138,2024-10-09,2024,5.28,-2.36,-3.34,-3.44,29.0,28.03,False
002138,2024-10-15,2024,5.25,0.18,-2.53,-2.63,28.5,27.78,True
002138,2024-11-06,2024,6.12,-0.66,0.41,0.31,31.53,31.66,False
002138,2025-01-27,2025,5.98,0.06,-2.85,-2.95,31.58,30.68,True
002138,2025-10-16,2025,6.66,1.56,-2.34,-2.44,37.22,36.35,True
002138,2025-10-21,2025,5.2,-0.03,2.62,2.52,35.18,36.1,False
002138,2025-10-27,2025,6.49,4.99,0.77,0.67,41.68,42.0,False
002138,2025-10-28,2025,5.79,-0.43,-0.88,-0.98,41.82,41.45,False
002138,2025-12-25,2025,5.54,0.33,-0.33,-0.43,36.9,36.78,True
002138,2026-02-25,2026,5.56,1.65,-0.59,-0.69,42.46,42.21,True
002138,2026-05-08,2026,5.87,-0.79,2.04,1.94,36.35,37.09,False
002138,2026-05-26,2026,6.54,-1.76,-0.38,-0.48,45.32,45.15,False
002138,2026-06-03,2026,5.05,-0.41,-1.75,-1.85,48.65,47.8,False
002371,2024-01-17,2024,5.18,-0.1,-0.6,-0.7,243.76,242.3,False
002371,2024-01-19,2024,5.56,-0.65,-1.34,-1.44,254.1,250.7,False
002371,2024-05-28,2024,5.92,0.92,-0.59,-0.69,306.8,304.98,True
002371,2024-06-04,2024,5.29,0.0,1.37,1.27,308.88,313.11,False
002371,2024-11-08,2024,5.21,3.05,2.0,1.9,438.99,447.75,False
002371,2024-11-11,2024,5.11,2.29,6.26,6.16,458.0,486.69,False
002371,2025-02-20,2025,5.79,-0.44,0.22,0.12,455.0,456.0,False
002371,2025-03-07,2025,6.94,-1.2,1.78,1.68,456.85,465.0,False
002371,2025-04-10,2025,6.73,0.0,-1.85,-1.95,460.0,451.51,False
002371,2025-08-25,2025,6.21,2.84,-3.6,-3.7,394.28,380.08,True
002371,2025-08-29,2025,6.27,-4.27,-1.97,-2.07,380.0,372.5,False
002371,2025-11-19,2025,5.67,-0.33,-0.64,-0.74,422.0,419.29,False
002371,2026-01-08,2026,6.06,0.0,-1.7,-1.8,515.42,506.67,False
002371,2026-04-23,2026,6.13,0.01,-0.63,-0.73,478.0,475.0,True
002371,2026-05-06,2026,5.15,3.35,-1.74,-1.84,555.0,545.35,True
002371,2026-05-12,2026,5.99,0.0,1.44,1.34,573.19,581.45,False
002371,2026-05-21,2026,5.86,0.12,0.94,0.84,656.8,662.99,False
002384,2024-02-28,2024,5.66,-0.26,-4.77,-4.87,15.08,14.36,False
002384,2024-09-25,2024,6.94,0.87,-2.77,-2.87,20.97,20.39,True
002384,2024-09-30,2024,6.19,2.61,7.0,6.9,22.0,23.54,False
002384,2024-12-11,2024,5.54,-0.88,3.16,3.06,28.15,29.04,False
002384,2024-12-20,2024,6.75,-0.65,1.78,1.68,29.23,29.75,False
002384,2024-12-25,2024,5.15,0.13,-0.46,-0.56,30.45,30.31,True
002384,2025-01-15,2025,5.06,-0.87,-2.09,-2.19,30.66,30.02,False
002384,2025-01-23,2025,6.08,1.74,-2.66,-2.76,34.59,33.67,True
002384,2025-02-07,2025,6.56,0.43,-1.57,-1.67,32.48,31.97,True
002384,2025-03-12,2025,5.61,-0.13,0.25,0.15,31.95,32.03,False
002384,2025-03-17,2025,5.05,1.28,1.59,1.49,33.94,34.48,False
002384,2025-04-14,2025,5.57,3.96,-4.31,-4.41,25.99,24.87,True
002384,2025-04-24,2025,5.41,0.08,-0.61,-0.71,24.58,24.43,True
002384,2025-05-07,2025,5.49,1.87,-3.96,-4.06,27.81,26.71,True
002384,2025-05-13,2025,6.06,2.4,-3.1,-3.2,29.4,28.49,True
002384,2025-06-05,2025,5.1,1.27,2.71,2.61,30.28,31.1,False
002384,2025-06-19,2025,5.14,2.02,-0.72,-0.82,37.36,37.09,True
002384,2025-07-10,2025,6.84,1.98,-1.77,-1.87,47.34,46.5,True
002384,2025-07-15,2025,6.26,1.48,8.1,8.0,47.9,51.78,False
002384,2025-07-30,2025,5.42,1.13,-2.27,-2.37,58.03,56.71,True
002384,2025-08-12,2025,6.39,0.5,1.27,1.17,55.92,56.63,False
002384,2025-08-14,2025,5.07,-1.68,-6.15,-6.25,58.5,54.9,False
002384,2025-10-21,2025,6.16,0.95,7.1,7.0,63.8,68.33,False
002384,2025-10-27,2025,5.17,5.28,2.29,2.19,72.8,74.47,False
002384,2025-11-27,2025,6.8,0.99,-1.54,-1.64,74.73,73.58,True
002384,2026-02-13,2026,6.98,-1.68,2.5,2.4,76.08,77.98,False
002384,2026-03-03,2026,6.41,4.99,-0.72,-0.82,95.57,94.88,True
002384,2026-04-02,2026,5.52,-1.79,-0.75,-0.85,107.05,106.25,False
002384,2026-05-20,2026,5.13,-0.89,1.32,1.22,220.1,223.0,False
002384,2026-05-25,2026,6.56,1.07,1.49,1.39,222.91,226.24,False
002396,2024-02-08,2024,5.93,0.42,4.74,4.64,14.36,15.04,False
002396,2024-02-19,2024,5.17,1.46,0.66,0.56,15.26,15.36,False
002396,2024-02-28,2024,5.36,-0.06,-6.55,-6.65,17.09,15.97,False
002396,2024-08-01,2024,5.06,0.0,0.0,-0.1,13.28,13.28,False
002396,2025-06-25,2025,5.58,2.39,3.06,2.96,21.89,22.56,False
002396,2025-06-26,2025,5.52,-0.66,1.34,1.24,22.41,22.71,False
002396,2025-07-14,2025,5.62,3.12,-1.17,-1.27,24.81,24.52,True
002396,2025-08-13,2025,6.74,-0.56,0.2,0.1,30.24,30.3,False
002396,2025-09-12,2025,6.83,-0.42,2.07,1.97,30.86,31.5,False
002396,2025-11-26,2025,6.0,-0.83,0.72,0.62,26.28,26.47,False
002396,2025-12-09,2025,5.71,3.23,1.23,1.13,30.0,30.37,False
002396,2026-02-27,2026,5.5,-1.65,2.47,2.37,30.35,31.1,False
002396,2026-03-11,2026,5.31,0.65,3.72,3.62,30.92,32.07,False
002396,2026-03-19,2026,5.27,-1.84,-0.94,-1.04,28.8,28.53,False
002396,2026-04-09,2026,5.1,-1.52,2.8,2.7,27.18,27.94,False
002396,2026-05-11,2026,5.86,3.01,6.78,6.68,29.79,31.81,False
002415,2024-09-30,2024,5.21,4.48,4.09,3.99,31.02,32.29,False
002415,2024-10-22,2024,6.44,-0.1,0.46,0.36,30.7,30.84,False
002475,2024-02-06,2024,5.27,-1.63,6.33,6.23,26.54,28.22,False
002475,2024-03-20,2024,5.06,0.27,0.37,0.27,29.54,29.65,False
002475,2024-05-07,2024,6.13,-0.97,0.55,0.45,30.69,30.86,False
002475,2024-06-13,2024,5.16,1.59,-2.12,-2.22,33.95,33.23,True
002475,2024-07-10,2024,5.13,0.0,-0.75,-0.85,41.39,41.08,False
002475,2024-07-17,2024,5.32,-0.39,-2.21,-2.31,43.0,42.05,False
002475,2024-09-02,2024,5.88,-0.51,-1.71,-1.81,39.22,38.55,False
002475,2024-09-25,2024,6.28,1.44,-2.21,-2.31,39.33,38.46,True
002475,2024-09-30,2024,5.36,3.75,3.48,3.38,42.0,43.46,False
002475,2024-10-09,2024,6.6,-2.87,-6.49,-6.59,45.0,42.08,False
002475,2024-10-21,2024,5.93,0.94,1.23,1.13,44.87,45.42,False
002475,2024-11-28,2024,5.3,-0.69,-1.7,-1.8,38.86,38.2,False
002475,2025-02-13,2025,5.02,0.02,-2.14,-2.24,44.36,43.41,True
002475,2025-05-13,2025,6.36,4.02,-4.76,-4.86,35.49,33.8,True
002475,2025-07-04,2025,5.45,-0.42,-0.93,-1.03,35.62,35.29,False
002475,2025-07-18,2025,6.34,-0.13,-1.58,-1.68,39.35,38.73,False
002475,2025-08-22,2025,5.34,-1.73,2.99,2.89,41.46,42.7,False
002475,2025-08-27,2025,6.17,-1.27,-0.09,-0.19,45.02,44.98,False
002475,2025-09-08,2025,6.33,4.0,1.34,1.24,49.09,49.75,False
002475,2025-09-09,2025,5.4,0.06,-4.16,-4.26,49.78,47.71,True
002475,2025-09-25,2025,6.85,-0.57,-1.52,-1.62,69.8,68.74,False
002475,2025-10-16,2025,5.8,-0.27,2.0,1.9,58.04,59.2,False
002475,2025-10-22,2025,7.0,-1.72,0.02,-0.08,60.1,60.11,False
002475,2025-10-27,2025,6.27,3.08,-0.73,-0.83,65.88,65.4,True
002475,2026-03-11,2026,6.22,0.12,1.46,1.36,49.45,50.17,False
002475,2026-04-10,2026,5.4,0.6,4.98,4.88,55.42,58.18,False
002475,2026-04-13,2026,5.61,-0.69,1.42,1.32,57.78,58.6,False
002475,2026-05-12,2026,6.69,1.75,-0.26,-0.36,77.39,77.19,True
002475,2026-05-25,2026,6.67,1.24,1.91,1.81,73.3,74.7,False
002484,2024-01-11,2024,5.53,-0.6,2.6,2.5,14.99,15.38,False
002484,2024-03-01,2024,6.06,0.42,2.75,2.65,16.7,17.16,False
002484,2024-09-25,2024,6.31,1.22,-0.75,-0.85,13.3,13.2,True
002484,2024-12-27,2024,6.69,0.37,-2.06,-2.16,18.9,18.51,True
002484,2025-01-21,2025,6.5,1.87,-0.51,-0.61,25.54,25.41,True
002484,2025-01-23,2025,5.35,1.98,-2.89,-2.99,27.3,26.51,True
002484,2025-02-24,2025,5.43,-1.07,-5.81,-5.91,24.97,23.52,False
002484,2025-08-19,2025,6.04,-1.02,-1.06,-1.16,30.23,29.91,False
002484,2025-10-10,2025,5.1,0.03,-2.93,-3.03,31.77,30.84,True
002484,2025-10-16,2025,6.84,0.78,-0.13,-0.23,31.01,30.97,True
002484,2025-12-18,2025,5.66,-1.44,-3.57,-3.67,27.42,26.44,False
002484,2025-12-25,2025,6.7,-1.28,-1.27,-1.37,30.81,30.42,False
002484,2026-01-13,2026,5.89,0.06,-6.25,-6.35,31.83,29.84,True
002484,2026-01-29,2026,5.33,-0.09,-4.09,-4.19,32.0,30.69,False
002484,2026-03-31,2026,6.93,-0.37,-2.46,-2.56,29.65,28.92,False
002484,2026-04-21,2026,5.24,-0.72,3.39,3.29,34.51,35.68,False
002484,2026-05-07,2026,5.42,0.67,8.11,8.01,40.7,44.0,False
002484,2026-05-12,2026,6.93,0.89,-4.71,-4.81,46.54,44.35,True
002484,2026-05-14,2026,6.63,1.71,-4.57,-4.67,48.1,45.9,True
002484,2026-05-18,2026,6.01,5.45,3.98,3.88,51.31,53.35,False
002484,2026-06-01,2026,5.1,0.0,1.67,1.57,77.85,79.15,False
002484,2026-06-03,2026,5.45,1.15,3.76,3.66,84.42,87.59,False
002916,2024-02-07,2024,5.95,0.02,3.12,3.02,52.21,53.84,False
002916,2024-03-01,2024,6.36,-0.84,5.9,5.8,69.61,73.72,False
002916,2024-03-04,2024,5.01,-0.6,0.87,0.77,73.28,73.92,False
002916,2024-03-07,2024,6.29,0.15,2.78,2.68,79.0,81.2,False
002916,2024-03-18,2024,6.39,-2.14,5.44,5.34,87.02,91.75,False
002916,2024-04-25,2024,5.02,-0.44,0.38,0.28,86.8,87.13,False
002916,2024-04-29,2024,5.7,0.18,1.43,1.33,92.27,93.59,False
002916,2024-06-14,2024,6.39,0.12,4.08,3.98,103.0,107.2,False
002916,2024-07-12,2024,5.19,-3.14,2.55,2.45,123.0,126.14,False
002916,2024-08-02,2024,5.68,-5.09,-0.01,-0.11,111.01,111.0,False
002916,2024-11-06,2024,5.4,0.3,-2.34,-2.44,107.66,105.14,True
002916,2024-11-12,2024,6.94,-0.96,-1.09,-1.19,114.2,112.95,False
002916,2024-12-27,2024,5.72,-0.02,-0.66,-0.76,128.53,127.68,False
002916,2025-01-08,2025,6.45,-1.0,2.87,2.77,124.02,127.58,False
002916,2025-02-11,2025,5.19,-0.02,5.14,5.04,129.18,135.82,False
002916,2025-02-12,2025,5.12,0.13,5.14,5.04,136.0,142.99,False
002916,2025-02-13,2025,5.28,0.0,-4.26,-4.36,142.99,136.9,False
002916,2025-03-07,2025,5.79,-1.14,0.15,0.05,131.0,131.19,False
002916,2025-05-07,2025,6.08,2.26,-2.09,-2.19,118.26,115.79,True
002916,2025-07-15,2025,5.52,0.26,6.16,6.06,124.3,131.96,False
002916,2025-07-16,2025,6.44,-0.73,-5.7,-5.8,131.0,123.53,False
002916,2025-07-18,2025,5.97,1.83,-1.27,-1.37,133.29,131.6,True
002916,2025-08-25,2025,5.89,0.79,6.62,6.52,151.1,161.1,False
002916,2025-09-01,2025,6.19,0.0,0.95,0.85,198.0,199.88,False
002916,2025-09-11,2025,5.38,0.93,8.99,8.89,185.01,201.64,False
002916,2025-09-19,2025,5.07,1.28,-2.22,-2.32,200.0,195.57,True
002916,2025-12-23,2025,6.23,0.01,-0.63,-0.73,226.02,224.59,True
002916,2025-12-30,2025,5.92,0.55,-0.4,-0.5,234.7,233.75,True
002916,2026-01-28,2026,5.15,0.0,-2.73,-2.83,253.94,247.0,False
002916,2026-04-02,2026,5.23,-1.15,-4.09,-4.19,228.34,219.0,False
002916,2026-04-15,2026,6.36,-0.28,-4.93,-5.03,284.98,270.93,False
002916,2026-04-28,2026,6.78,-0.15,-1.99,-2.09,321.32,314.93,False
002916,2026-05-14,2026,5.67,0.17,-5.08,-5.18,349.09,331.36,True
002916,2026-05-26,2026,5.74,1.5,3.33,3.23,406.0,419.5,False
300014,2024-01-12,2024,5.35,-0.6,-0.78,-0.88,41.08,40.76,False
300014,2024-02-07,2024,6.81,-0.06,-0.06,-0.16,34.19,34.17,False
300014,2024-03-01,2024,6.48,0.05,2.79,2.69,38.33,39.4,False
300014,2024-05-10,2024,5.56,0.73,-2.6,-2.7,39.99,38.95,True
300014,2024-05-23,2024,5.04,-0.74,-1.58,-1.68,38.67,38.06,False
300014,2024-06-18,2024,6.12,-0.84,0.52,0.42,42.62,42.84,False
300014,2024-07-12,2024,5.93,-0.16,1.88,1.78,37.27,37.97,False
300014,2024-11-12,2024,6.74,1.29,-3.5,-3.6,55.65,53.7,True
300014,2024-11-20,2024,6.27,-0.49,-1.26,-1.36,50.74,50.1,False
300014,2025-08-12,2025,6.18,-0.54,-0.88,-0.98,46.34,45.93,False
300014,2025-08-28,2025,5.76,-0.47,1.0,0.9,53.0,53.53,False
300014,2025-09-01,2025,6.84,0.45,-2.75,-2.85,57.45,55.87,True
300014,2025-09-26,2025,6.47,-1.83,-3.16,-3.26,79.79,77.27,False
300014,2026-02-02,2026,5.07,2.38,-3.64,-3.74,65.31,62.93,True
300014,2026-03-23,2026,5.58,-1.13,1.61,1.51,70.0,71.13,False
300014,2026-04-09,2026,5.88,2.69,-1.32,-1.42,65.98,65.11,True
300014,2026-04-13,2026,6.1,-0.29,1.66,1.56,68.88,70.02,False
300014,2026-04-30,2026,5.21,-0.81,-1.24,-1.34,73.5,72.59,False
300045,2024-01-25,2024,6.84,-1.63,2.27,2.17,19.36,19.8,False
300045,2024-02-07,2024,6.25,0.2,1.42,1.32,14.82,15.03,False
300045,2024-09-30,2024,6.71,5.25,12.21,12.11,19.24,21.59,False
300045,2024-11-11,2024,5.79,4.47,-2.42,-2.52,30.15,29.42,True
300045,2025-01-15,2025,5.99,0.1,-1.2,-1.3,20.0,19.76,True
300045,2025-03-12,2025,6.45,1.01,-2.91,-3.01,22.99,22.32,True
300045,2025-08-05,2025,5.19,-0.23,2.52,2.42,21.43,21.97,False
300045,2025-12-08,2025,5.24,0.71,0.33,0.23,24.08,24.16,False
300045,2026-01-12,2026,6.93,5.81,13.43,13.33,32.99,37.42,False
300045,2026-01-26,2026,6.38,0.52,-7.32,-7.42,31.01,28.74,True
300045,2026-03-03,2026,5.98,-0.7,-8.13,-8.23,28.53,26.21,False
300045,2026-04-09,2026,6.13,-1.22,-0.96,-1.06,21.9,21.69,False
300054,2024-02-08,2024,6.7,0.82,3.44,3.34,19.74,20.42,False
300054,2024-03-01,2024,6.6,-0.24,-0.52,-0.62,21.1,20.99,False
300054,2024-04-29,2024,5.34,0.22,3.9,3.8,22.33,23.2,False
300054,2024-09-25,2024,5.11,0.52,-0.88,-0.98,19.42,19.25,True
300054,2024-11-12,2024,5.69,-0.16,-0.95,-1.05,30.6,30.31,False
300054,2025-02-20,2025,5.56,5.41,1.27,1.17,30.0,30.38,False
300054,2025-02-21,2025,6.75,0.59,3.24,3.14,30.56,31.55,False
300054,2025-09-23,2025,5.69,1.11,-2.37,-2.47,35.49,34.65,True
300054,2025-09-25,2025,6.78,-1.14,0.66,0.56,36.58,36.82,False
300054,2025-10-14,2025,5.53,-0.7,-9.07,-9.17,38.27,34.8,False
300054,2025-12-23,2025,6.04,-0.08,1.55,1.45,38.6,39.2,False
300054,2026-01-16,2026,6.33,-0.43,3.57,3.47,46.48,48.14,False
300054,2026-03-11,2026,5.94,0.09,0.59,0.49,44.11,44.37,False
300054,2026-04-29,2026,5.13,-1.22,0.84,0.74,58.48,58.97,False
300054,2026-05-06,2026,5.75,2.63,1.06,0.96,64.0,64.68,False
300054,2026-05-08,2026,6.37,-4.07,-2.74,-2.84,66.0,64.19,False
300054,2026-05-12,2026,5.89,-1.43,-3.15,-3.25,67.0,64.89,False
300054,2026-05-20,2026,6.0,-0.51,0.29,0.19,76.62,76.84,False
300054,2026-05-26,2026,5.48,5.19,-1.79,-1.89,81.0,79.55,True
300136,2024-02-28,2024,5.79,0.44,-7.02,-7.12,20.38,18.95,True
300136,2024-03-01,2024,6.02,-0.55,2.3,2.2,19.98,20.44,False
300136,2024-04-01,2024,6.39,0.6,-0.69,-0.79,20.28,20.14,True
300136,2024-04-25,2024,5.65,-0.22,0.17,0.07,18.1,18.13,False
300136,2024-09-30,2024,6.3,4.17,11.81,11.71,20.75,23.2,False
300136,2024-10-15,2024,5.43,0.9,-0.26,-0.36,23.51,23.45,True
300136,2024-11-05,2024,5.33,0.04,5.18,5.08,24.12,25.37,False
300136,2024-11-06,2024,5.23,-0.67,-1.23,-1.33,25.2,24.89,False
300136,2024-11-11,2024,6.68,1.51,-2.19,-2.29,29.67,29.02,True
300136,2025-01-15,2025,5.75,-0.88,-0.17,-0.27,23.7,23.66,False
300136,2025-03-19,2025,5.58,-0.95,1.48,1.38,27.0,27.4,False
300136,2025-04-21,2025,6.73,-0.34,-0.73,-0.83,20.56,20.41,False
300136,2025-09-12,2025,6.35,-0.23,-2.61,-2.71,26.41,25.72,False
300136,2025-10-27,2025,5.62,1.9,4.49,4.39,30.08,31.43,False
300136,2025-10-28,2025,6.47,-1.37,2.68,2.58,31.0,31.83,False
300136,2025-11-27,2025,5.74,-0.48,-1.33,-1.43,30.81,30.4,False
300136,2025-12-16,2025,5.56,-0.13,-4.2,-4.3,37.9,36.31,False
300136,2026-01-06,2026,5.82,-3.22,0.98,0.88,63.5,64.12,False
300136,2026-03-19,2026,5.76,-2.75,-0.12,-0.22,64.41,64.33,False
300136,2026-05-06,2026,6.77,0.77,5.68,5.58,92.0,97.23,False
300136,2026-05-07,2026,6.5,-0.24,4.79,4.69,97.0,101.65,False
300236,2024-01-26,2024,5.82,-2.91,6.5,6.4,30.0,31.95,False
300236,2024-04-18,2024,6.18,-0.4,0.0,-0.1,32.02,32.02,False
300236,2024-05-28,2024,6.09,0.32,0.79,0.69,31.8,32.05,False
300236,2024-07-10,2024,5.34,-0.81,0.47,0.37,31.67,31.82,False
300236,2025-04-09,2025,5.95,-1.56,7.82,7.72,32.08,34.59,False
300236,2025-04-10,2025,6.14,1.33,-1.28,-1.38,35.05,34.6,True
300236,2025-08-18,2025,6.38,2.02,1.86,1.76,49.99,50.92,False
300236,2025-10-22,2025,5.37,-0.02,-1.32,-1.42,59.0,58.22,False
300236,2025-12-01,2025,5.47,-0.16,3.25,3.15,56.95,58.8,False
300236,2026-04-30,2026,5.49,0.0,-1.18,-1.28,95.9,94.77,False
300285,2024-01-26,2024,6.15,-0.3,-0.82,-0.92,19.63,19.47,False
300285,2024-03-01,2024,5.11,0.0,-1.03,-1.13,20.37,20.16,False
300285,2024-04-10,2024,5.42,0.16,-3.57,-3.67,18.5,17.84,True
300285,2024-05-10,2024,5.74,-0.95,-0.14,-0.24,20.8,20.77,False
300285,2024-07-12,2024,6.28,-0.17,0.11,0.01,17.75,17.77,False
300285,2024-09-25,2024,6.54,1.11,-0.32,-0.42,15.49,15.44,True
300285,2024-09-27,2024,5.83,2.02,5.94,5.84,16.67,17.66,False
300285,2024-10-21,2024,5.38,0.05,0.42,0.32,19.0,19.08,False
300285,2024-11-08,2024,5.16,4.96,-3.72,-3.82,21.8,20.99,True
300285,2025-03-04,2025,5.1,-0.88,0.94,0.84,19.2,19.38,False
300285,2025-08-19,2025,5.53,-1.44,-0.89,-0.99,21.26,21.07,False
300285,2025-09-08,2025,5.37,0.62,5.99,5.89,22.69,24.05,False
300285,2025-09-09,2025,6.65,-1.87,1.4,1.3,23.6,23.93,False
300285,2025-11-10,2025,6.16,0.04,0.12,0.02,24.5,24.53,False
300285,2026-01-06,2026,5.8,0.0,1.28,1.18,29.0,29.37,False
300285,2026-01-26,2026,5.32,-1.14,-4.64,-4.74,33.83,32.26,False
300285,2026-04-29,2026,5.77,-0.84,0.65,0.55,36.74,36.98,False
300285,2026-05-13,2026,5.94,-0.22,4.11,4.01,40.92,42.6,False
300285,2026-05-26,2026,5.68,1.0,-3.89,-3.99,51.66,49.65,True
300346,2024-02-19,2024,5.34,1.99,-0.89,-0.99,23.52,23.31,True
300346,2024-03-29,2024,7.0,-0.99,1.35,1.25,25.13,25.47,False
300346,2024-04-18,2024,5.68,-0.55,-0.77,-0.87,23.49,23.31,False
300346,2024-04-29,2024,5.73,0.0,3.41,3.31,24.92,25.77,False
300346,2024-06-11,2024,6.08,3.06,9.1,9.0,29.67,32.37,False
300346,2024-06-20,2024,5.36,-1.97,-6.16,-6.26,31.8,29.84,False
300346,2024-07-10,2024,6.07,-1.01,-0.58,-0.68,29.41,29.24,False
300346,2024-07-19,2024,5.35,-1.31,0.32,0.22,30.88,30.98,False
300346,2024-09-02,2024,5.19,0.82,-2.48,-2.58,26.97,26.3,True
300346,2024-09-30,2024,5.94,4.72,11.34,11.24,31.75,35.35,False
300346,2024-10-15,2024,6.01,-0.57,0.05,-0.05,38.6,38.62,False
300346,2024-11-08,2024,5.49,2.69,-2.47,-2.57,46.21,45.07,True
300346,2025-08-14,2025,5.83,-0.29,-2.43,-2.53,34.59,33.75,False
300346,2025-10-28,2025,5.9,0.99,-1.69,-1.79,42.02,41.31,True
300346,2025-11-20,2025,5.85,2.81,-4.73,-4.83,40.55,38.63,True
300346,2025-11-25,2025,5.69,-1.55,0.64,0.54,40.76,41.02,False
300346,2025-12-23,2025,5.25,-1.31,1.73,1.63,45.1,45.88,False
300346,2026-04-09,2026,5.5,-1.43,0.44,0.34,47.49,47.7,False
300398,2024-04-30,2024,6.17,0.33,-1.32,-1.42,12.08,11.92,True
300398,2024-05-28,2024,6.59,0.0,2.88,2.78,11.8,12.14,False
300398,2024-06-20,2024,5.15,-2.76,-3.69,-3.79,14.1,13.58,False
300398,2024-07-10,2024,5.08,-0.82,-1.16,-1.26,12.1,11.96,False
300398,2024-07-19,2024,6.15,-1.19,2.41,2.31,12.45,12.75,False
300398,2024-11-05,2024,6.48,0.13,3.23,3.13,15.8,16.31,False
300398,2024-11-27,2024,5.71,-3.2,7.06,6.96,17.56,18.8,False
300398,2025-04-02,2025,5.71,-1.89,0.17,0.07,18.15,18.18,False
300398,2025-04-09,2025,5.06,-4.26,2.92,2.82,17.1,17.6,False
300398,2025-04-18,2025,5.02,-1.06,-2.9,-3.0,19.68,19.11,False
300398,2025-04-24,2025,6.45,0.0,-4.49,-4.59,19.8,18.91,False
300398,2025-07-09,2025,5.23,-0.64,-1.44,-1.54,20.2,19.91,False
300398,2025-08-18,2025,5.06,1.56,3.45,3.35,24.06,24.89,False
300398,2025-08-19,2025,5.07,-1.97,-2.66,-2.76,24.4,23.75,False
300398,2025-08-29,2025,6.6,0.04,0.91,0.81,24.08,24.3,False
300398,2025-10-28,2025,5.47,-0.86,0.29,0.19,24.26,24.33,False
300398,2026-01-16,2026,6.94,0.8,-2.61,-2.71,26.4,25.71,True
300398,2026-02-02,2026,6.16,-1.12,-3.64,-3.74,27.44,26.44,False
300398,2026-02-04,2026,6.77,-1.45,0.58,0.48,27.82,27.98,False
300398,2026-02-26,2026,5.02,0.63,3.85,3.75,32.18,33.42,False
300398,2026-04-09,2026,5.97,-2.13,0.63,0.53,27.1,27.27,False
300398,2026-04-17,2026,5.57,-0.92,1.11,1.01,28.93,29.25,False
300398,2026-04-23,2026,5.24,0.22,-0.31,-0.41,31.8,31.7,True
300408,2024-01-19,2024,5.24,0.35,-1.64,-1.74,25.61,25.19,True
300408,2024-07-17,2024,5.21,0.5,-1.34,-1.44,32.08,31.65,True
300408,2024-10-21,2024,5.72,0.55,-0.47,-0.57,36.45,36.28,True
300408,2024-12-25,2024,5.73,0.3,-1.55,-1.65,39.96,39.34,True
300408,2025-02-28,2025,5.7,0.0,-4.19,-4.29,40.6,38.9,False
300408,2025-09-12,2025,6.01,-1.49,-0.79,-0.89,42.92,42.58,False
300408,2025-09-22,2025,6.69,0.93,1.89,1.79,48.78,49.7,False
300408,2025-10-16,2025,6.1,0.34,1.28,1.18,50.82,51.47,False
300408,2025-12-25,2025,5.68,-0.79,-0.06,-0.16,46.31,46.28,False
300408,2026-01-22,2026,5.56,0.34,-1.15,-1.25,53.15,52.54,True
300408,2026-02-10,2026,6.63,1.44,3.24,3.14,54.97,56.75,False
300408,2026-03-25,2026,6.1,0.39,2.08,1.98,54.45,55.58,False
300408,2026-04-15,2026,5.06,3.54,-2.36,-2.46,66.9,65.32,True
300408,2026-04-27,2026,6.98,0.01,0.95,0.85,75.0,75.71,False
300408,2026-05-28,2026,5.18,2.45,4.85,4.75,126.0,132.11,False
300576,2024-02-20,2024,5.3,-2.16,2.71,2.61,32.1,32.97,False
300576,2024-02-23,2024,5.06,0.0,0.98,0.88,34.7,35.04,False
300576,2024-03-29,2024,5.48,-1.29,1.99,1.89,38.2,38.96,False
300576,2024-04-29,2024,6.0,-0.32,4.33,4.23,36.99,38.59,False
300576,2024-05-31,2024,5.46,-3.43,0.81,0.71,38.25,38.56,False
300576,2024-09-02,2024,5.27,0.21,-2.72,-2.82,33.45,32.54,True
300576,2024-09-25,2024,6.11,0.66,-0.84,-0.94,32.0,31.73,True
300576,2024-11-06,2024,5.13,0.92,0.42,0.32,54.97,55.2,False
300576,2024-11-11,2024,6.85,4.19,-0.81,-0.91,62.1,61.6,True
300576,2025-03-28,2025,5.95,1.5,-3.43,-3.53,46.1,44.52,True
300576,2025-07-01,2025,5.6,0.35,1.26,1.16,37.28,37.75,False
300576,2025-08-29,2025,5.32,-0.05,-1.5,-1.6,40.6,39.99,False
300576,2025-12-04,2025,5.12,-1.16,-2.75,-2.85,40.76,39.64,False
300576,2026-05-19,2026,6.63,-2.69,4.17,4.07,44.15,45.99,False
300601,2024-02-08,2024,6.1,-1.34,0.34,0.24,23.51,23.59,False
300601,2024-05-07,2024,5.2,-0.33,0.14,0.04,21.18,21.21,False
300601,2024-09-25,2024,6.11,1.0,0.21,0.11,14.2,14.23,False
300601,2024-09-27,2024,5.34,2.74,9.74,9.64,15.4,16.9,False
300601,2024-10-21,2024,5.86,0.0,-0.16,-0.26,18.26,18.23,False
300601,2024-11-12,2024,5.39,-0.05,-0.05,-0.15,20.72,20.71,False
300601,2025-04-09,2025,5.9,-1.95,1.99,1.89,14.07,14.35,False
300601,2025-06-10,2025,5.79,-0.13,-0.86,-0.96,15.15,15.02,False
300601,2026-04-23,2026,5.99,-0.27,-2.53,-2.63,14.64,14.27,False
300628,2017-04-07,2017,5.89,-2.48,-3.01,-3.11,12.97,12.58,False
300628,2017-06-08,2017,5.76,-0.29,-1.27,-1.37,10.25,10.12,False
300628,2017-06-26,2017,5.3,-0.18,0.27,0.17,11.1,11.13,False
300628,2017-09-01,2017,5.62,0.32,4.56,4.46,9.43,9.86,False
300628,2017-10-09,2017,6.81,1.06,-7.07,-7.17,10.46,9.72,True
300628,2017-10-25,2017,6.12,-0.53,1.4,1.3,9.31,9.44,False
300628,2017-10-30,2017,5.25,-0.2,-7.19,-7.29,10.01,9.29,False
300628,2017-11-29,2017,6.84,0.0,-2.63,-2.73,7.97,7.76,False
300628,2017-12-21,2017,5.42,0.25,1.25,1.15,7.99,8.09,False
300628,2018-03-06,2018,6.75,0.15,14.48,14.38,6.49,7.43,False
300628,2018-04-25,2018,6.83,10.16,-6.11,-6.21,9.65,9.06,True
300628,2018-06-06,2018,6.47,-1.05,4.37,4.27,8.47,8.84,False
300628,2018-06-25,2018,5.68,1.6,0.0,-0.1,6.99,6.99,False
300628,2018-06-27,2018,6.15,0.27,-0.4,-0.5,7.44,7.41,True
300628,2018-07-02,2018,6.88,0.0,-2.9,-3.0,7.92,7.69,False
300628,2018-07-04,2018,6.76,-1.22,-7.15,-7.25,8.11,7.53,False
300628,2018-08-21,2018,6.08,-0.29,3.16,3.06,6.96,7.18,False
300628,2018-08-24,2018,5.41,-0.42,-3.34,-3.44,7.18,6.94,False
300628,2018-08-28,2018,5.48,-0.14,-1.64,-1.74,7.31,7.19,False
300628,2018-09-14,2018,5.93,0.45,-1.81,-1.91,6.64,6.52,True
300628,2018-09-25,2018,6.75,0.47,6.76,6.66,6.36,6.79,False
300628,2018-10-18,2018,6.13,-0.46,-1.07,-1.17,6.55,6.48,False
300628,2018-10-22,2018,6.94,2.31,8.89,8.79,7.09,7.72,False
300628,2018-10-30,2018,5.48,0.65,4.26,4.16,7.75,8.08,False
300628,2019-01-21,2019,6.57,0.67,-2.58,-2.68,10.45,10.18,True
300628,2019-01-28,2019,5.31,-0.1,4.55,4.45,10.1,10.56,False
300628,2019-04-10,2019,6.11,-0.64,-3.16,-3.26,15.53,15.04,False
300628,2019-04-17,2019,6.19,-0.97,4.25,4.15,15.29,15.94,False
300628,2019-06-28,2019,6.55,-0.8,2.61,2.51,17.27,17.72,False
300628,2019-07-26,2019,6.56,0.65,-3.21,-3.31,20.26,19.61,True
300628,2019-07-30,2019,5.35,-0.92,1.32,1.22,20.47,20.74,False
300628,2019-10-23,2019,5.35,-0.15,-1.98,-2.08,26.75,26.22,False
300628,2019-12-06,2019,6.81,0.4,1.84,1.74,27.7,28.21,False
300628,2020-01-10,2020,6.39,0.82,-0.95,-1.05,29.36,29.08,True
300628,2020-02-06,2020,6.39,-1.87,1.82,1.72,37.27,37.95,False
300628,2020-03-26,2020,5.4,-1.52,-3.61,-3.71,35.75,34.46,False
300628,2020-04-03,2020,5.84,-0.06,1.91,1.81,32.97,33.6,False
300628,2020-04-29,2020,5.09,1.09,-1.7,-1.8,35.27,34.67,True
300628,2020-05-11,2020,5.32,1.72,-0.37,-0.47,37.89,37.75,True
300628,2020-06-01,2020,5.24,-1.89,8.65,8.55,34.7,37.7,False
300628,2020-06-02,2020,6.59,0.61,-0.34,-0.44,37.93,37.8,True
300628,2020-09-18,2020,6.35,-1.4,4.63,4.53,34.52,36.12,False
300628,2020-12-28,2020,6.43,-0.62,-0.79,-0.89,44.57,44.22,False
300628,2021-01-06,2021,5.81,-0.04,-2.22,-2.32,46.77,45.73,False
300628,2021-01-13,2021,6.73,1.14,-4.29,-4.39,46.85,44.84,True
300628,2021-02-08,2021,5.11,-0.27,1.75,1.65,55.85,56.83,False
300628,2021-03-03,2021,5.09,-1.07,0.1,-0.0,50.08,50.13,False
300628,2021-04-23,2021,5.1,0.57,-3.82,-3.92,46.05,44.29,True
300628,2021-07-07,2021,5.99,1.18,2.33,2.23,54.97,56.25,False
300628,2021-07-16,2021,6.26,0.42,-0.43,-0.53,62.24,61.97,True
300628,2021-09-29,2021,6.61,0.0,-2.91,-3.01,54.38,52.8,False
300628,2021-10-18,2021,6.29,-0.6,-2.33,-2.43,51.56,50.36,False
300628,2021-12-08,2021,5.03,0.62,1.77,1.67,53.76,54.71,False
300628,2022-03-02,2022,5.02,-1.27,1.15,1.05,49.76,50.33,False
300628,2022-03-18,2022,5.12,-0.67,-1.35,-1.45,48.91,48.25,False
300628,2022-04-11,2022,5.99,-0.36,-5.61,-5.71,49.37,46.6,False
300628,2023-07-20,2023,6.27,-1.06,0.87,0.77,34.39,34.69,False
300628,2023-09-15,2023,6.62,0.12,-1.22,-1.32,32.9,32.5,True
300628,2024-04-24,2024,6.0,-0.65,-0.4,-0.5,32.1,31.97,False
300628,2024-05-08,2024,5.26,-1.09,3.3,3.2,31.85,32.9,False
300628,2024-09-30,2024,5.93,5.6,9.93,9.83,35.64,39.18,False
300628,2025-08-27,2025,5.52,-0.33,-2.46,-2.56,36.61,35.71,False
300628,2026-01-28,2026,5.57,0.25,0.76,0.66,36.7,36.98,False
300628,2026-04-23,2026,5.98,0.16,-1.59,-1.69,36.56,35.98,True
300628,2026-06-02,2026,5.53,-0.39,3.95,3.85,38.0,39.5,False
300655,2024-06-12,2024,5.88,-2.05,0.12,0.02,8.11,8.12,False
300655,2024-09-02,2024,5.0,0.77,-3.2,-3.3,6.56,6.35,True
300655,2024-09-19,2024,6.8,-1.52,1.69,1.59,6.5,6.61,False
300655,2024-09-30,2024,6.7,5.05,12.47,12.37,7.7,8.66,False
300655,2024-11-06,2024,6.08,1.43,-2.54,-2.64,10.62,10.35,True
300655,2024-11-11,2024,5.59,4.3,9.2,9.1,11.63,12.7,False
300655,2024-11-26,2024,6.46,0.97,-3.31,-3.41,11.48,11.1,True
300655,2025-01-15,2025,5.13,0.0,-1.33,-1.43,9.01,8.89,False
300655,2025-02-07,2025,5.56,0.0,1.12,1.02,8.93,9.03,False
300655,2025-03-28,2025,6.22,0.34,-2.63,-2.73,8.74,8.51,True
300655,2025-05-30,2025,5.12,-0.33,-2.55,-2.65,9.01,8.78,False
300655,2025-07-01,2025,6.15,0.1,-0.3,-0.4,10.02,9.99,True
300655,2025-09-02,2025,6.58,0.08,-5.06,-5.16,12.64,12.0,True
300655,2025-09-04,2025,6.83,0.47,-4.89,-4.99,12.88,12.25,True
300655,2025-09-24,2025,5.21,0.0,5.64,5.54,14.35,15.16,False
300655,2025-09-25,2025,5.64,-0.33,1.52,1.42,15.11,15.34,False
300655,2025-10-09,2025,5.35,-0.46,-1.83,-1.93,15.28,15.0,False
300655,2026-01-16,2026,6.34,0.66,-1.37,-1.47,19.75,19.48,True
300655,2026-04-09,2026,5.01,-0.99,-0.2,-0.3,14.93,14.9,False
300655,2026-05-07,2026,5.83,0.59,2.28,2.18,15.35,15.7,False
300655,2026-05-21,2026,6.29,-0.46,-3.23,-3.33,17.32,16.76,False
300655,2026-05-26,2026,6.49,-1.06,-2.71,-2.81,17.69,17.21,False
300661,2024-02-19,2024,5.96,-0.04,-0.74,-0.84,70.74,70.22,False
300661,2024-02-28,2024,5.04,-0.53,-4.64,-4.74,70.85,67.56,False
300661,2024-04-24,2024,6.44,-0.1,6.47,6.37,67.23,71.58,False
300661,2024-04-25,2024,6.36,-0.31,-0.27,-0.37,71.36,71.17,False
300661,2024-06-21,2024,6.04,-2.06,1.05,0.95,85.99,86.89,False
300661,2024-07-22,2024,6.75,-0.27,0.79,0.69,82.6,83.25,False
300661,2025-08-04,2025,5.24,-0.76,2.37,2.27,74.36,76.12,False
300661,2025-10-14,2025,5.77,2.02,-5.42,-5.52,87.21,82.48,True
300661,2025-12-25,2025,6.34,2.25,-1.58,-1.68,70.88,69.76,True
300661,2026-01-22,2026,5.77,2.48,-3.08,-3.18,77.97,75.57,True
300661,2026-03-09,2026,5.03,-2.66,0.8,0.7,64.0,64.51,False
300661,2026-03-17,2026,6.31,-0.27,-4.03,-4.13,77.11,74.0,False
300661,2026-03-26,2026,6.1,0.6,-1.81,-1.91,73.44,72.11,True
300661,2026-04-08,2026,5.56,2.92,3.54,3.44,74.05,76.67,False
300661,2026-04-09,2026,6.56,-1.53,5.62,5.52,75.5,79.74,False
300661,2026-04-24,2026,6.24,5.18,-2.35,-2.45,91.5,89.35,True
300661,2026-05-13,2026,5.06,-1.33,2.66,2.56,102.0,104.71,False
300661,2026-05-20,2026,6.88,-0.44,4.18,4.08,112.1,116.79,False
300661,2026-05-26,2026,6.84,-0.67,-0.97,-1.07,117.8,116.66,False
300672,2024-01-12,2024,6.9,-0.6,-4.26,-4.36,68.08,65.18,False
300672,2024-02-07,2024,6.87,1.53,4.46,4.36,41.07,42.9,False
300672,2024-02-08,2024,6.06,2.14,7.44,7.34,43.82,47.08,False
300672,2024-02-20,2024,6.2,-2.0,1.41,1.31,49.0,49.69,False
300672,2024-06-12,2024,6.12,-2.81,1.82,1.72,62.49,63.63,False
300672,2024-07-10,2024,5.95,-1.14,1.59,1.49,52.95,53.79,False
300672,2024-07-17,2024,5.45,-1.1,-1.79,-1.89,55.9,54.9,False
300672,2024-07-31,2024,5.19,-1.15,3.89,3.79,53.28,55.35,False
300672,2024-09-27,2024,5.27,2.09,8.05,7.95,48.31,52.2,False
300672,2024-11-06,2024,5.19,0.24,-1.6,-1.7,71.7,70.55,True
300672,2024-11-12,2024,5.45,1.25,-3.31,-3.41,76.94,74.39,True
300672,2024-12-19,2024,6.45,-2.3,3.09,2.99,70.0,72.16,False
300672,2025-01-22,2025,6.13,-2.04,0.52,0.42,63.81,64.14,False
300672,2025-06-09,2025,5.48,-0.58,-4.07,-4.17,85.0,81.54,False
300672,2025-06-30,2025,6.37,0.75,-0.67,-0.77,85.49,84.92,True
300672,2025-08-29,2025,5.87,-1.0,-2.24,-2.34,99.94,97.7,False
300672,2025-10-27,2025,5.66,1.81,3.23,3.13,92.8,95.8,False
300672,2025-10-28,2025,5.1,-0.94,-2.62,-2.72,94.9,92.41,False
300672,2026-01-13,2026,5.46,-0.28,-1.53,-1.63,124.0,122.1,False
300672,2026-01-15,2026,5.65,0.39,3.19,3.09,129.5,133.63,False
300672,2026-01-22,2026,6.42,1.8,3.06,2.96,151.13,155.76,False
300672,2026-01-28,2026,5.91,0.73,-1.48,-1.58,145.05,142.9,True
300672,2026-02-27,2026,6.35,-1.43,6.05,5.95,152.0,161.2,False
300672,2026-05-07,2026,6.56,0.66,5.09,4.99,191.26,201.0,False
300672,2026-05-08,2026,5.79,-2.37,9.34,9.24,196.23,214.56,False
300672,2026-05-11,2026,6.75,4.4,5.13,5.03,224.0,235.5,False
300672,2026-05-28,2026,5.75,0.0,-0.71,-0.81,351.0,348.51,False
300782,2024-06-12,2024,5.12,-0.37,1.15,1.05,89.57,90.6,False
300782,2024-08-01,2024,5.21,0.52,-1.33,-1.43,77.55,76.52,True
300782,2024-09-20,2024,5.94,-0.16,-2.06,-2.16,62.51,61.22,False
300782,2024-09-27,2024,5.49,1.86,12.03,11.93,69.1,77.41,False
300782,2024-10-10,2024,5.22,0.0,-8.27,-8.37,117.29,107.59,False
300782,2024-12-05,2024,5.28,-0.29,0.51,0.41,98.36,98.86,False
300782,2025-08-25,2025,5.89,0.0,-0.33,-0.43,84.73,84.45,False
300782,2026-03-05,2026,5.51,3.28,-2.62,-2.72,85.0,82.77,True
300782,2026-03-11,2026,5.19,-0.81,-0.43,-0.53,84.51,84.15,False
300782,2026-04-07,2026,5.32,-0.17,-1.18,-1.28,88.95,87.9,False
300814,2024-01-22,2024,5.88,0.0,1.56,1.46,32.61,33.12,False
300814,2024-02-07,2024,5.73,0.75,-4.52,-4.62,24.34,23.24,True
300814,2024-03-01,2024,5.45,0.48,4.67,4.57,29.14,30.5,False
300814,2024-03-04,2024,5.17,0.0,7.31,7.21,30.5,32.73,False
300814,2024-03-11,2024,6.36,-2.58,6.81,6.71,31.3,33.43,False
300814,2024-04-25,2024,5.26,-1.59,1.69,1.59,26.58,27.03,False
300814,2024-05-17,2024,5.42,-3.24,6.8,6.7,26.9,28.73,False
300814,2024-05-29,2024,6.47,-1.96,-0.58,-0.68,29.51,29.34,False
300814,2024-06-18,2024,5.16,-1.56,3.46,3.36,32.12,33.23,False
300814,2024-06-27,2024,5.05,-1.99,-0.61,-0.71,31.0,30.81,False
300814,2024-07-10,2024,5.22,-0.77,1.51,1.41,27.18,27.59,False
300814,2024-09-02,2024,5.11,0.46,-1.0,-1.1,23.98,23.74,True
300814,2024-09-30,2024,6.46,3.63,12.63,12.53,27.15,30.58,False
300814,2024-10-15,2024,6.22,1.6,-0.6,-0.7,31.76,31.57,True
300814,2024-10-21,2024,5.03,-0.24,7.03,6.93,33.73,36.1,False
300814,2024-10-22,2024,6.77,1.11,-5.53,-5.63,36.5,34.48,True
300814,2024-11-12,2024,5.07,-0.58,-1.13,-1.23,34.4,34.01,False
300814,2025-01-08,2025,5.52,-1.56,5.31,5.21,29.0,30.54,False
300814,2025-01-15,2025,6.48,0.96,9.31,9.21,31.69,34.64,False
300814,2025-02-18,2025,5.36,-0.55,-4.04,-4.14,36.18,34.72,False
300814,2025-02-24,2025,6.89,-2.3,-0.33,-0.43,40.0,39.87,False
300814,2025-06-05,2025,5.92,-0.46,3.6,3.5,28.3,29.32,False
300814,2025-06-10,2025,5.33,0.06,0.74,0.64,31.02,31.25,False
300814,2025-07-09,2025,6.52,-0.14,-1.71,-1.81,34.6,34.01,False
300814,2025-07-28,2025,5.77,1.03,2.63,2.53,35.4,36.33,False
300814,2025-08-12,2025,6.84,0.0,1.19,1.09,37.0,37.44,False
300814,2025-08-26,2025,5.03,-1.4,-1.31,-1.41,46.54,45.93,False
300814,2025-08-29,2025,5.23,-2.22,-4.16,-4.26,47.06,45.1,False
300814,2025-09-17,2025,5.19,2.05,-4.11,-4.21,52.76,50.59,True
300814,2025-09-22,2025,5.33,0.0,0.02,-0.08,52.0,52.01,False
300814,2025-10-16,2025,5.67,-0.75,4.1,4.0,51.94,54.07,False
300814,2025-10-27,2025,5.14,3.36,2.01,1.91,58.82,60.0,False
300814,2025-10-28,2025,5.43,-1.77,-0.19,-0.29,58.94,58.83,False
300814,2025-11-04,2025,5.57,-0.32,10.3,10.2,58.71,64.76,False
300814,2025-11-27,2025,5.06,-6.0,-0.79,-0.89,85.95,85.27,False
300814,2025-12-25,2025,6.08,0.01,-3.67,-3.77,83.47,80.41,True
300814,2026-01-29,2026,5.03,-1.33,-1.89,-1.99,74.0,72.6,False
300814,2026-02-09,2026,5.66,2.2,-1.84,-1.94,79.0,77.55,True
300814,2026-03-05,2026,5.14,1.29,-1.77,-1.87,110.0,108.05,True
300814,2026-04-02,2026,6.55,-0.88,-2.16,-2.26,84.84,83.01,False
300814,2026-04-30,2026,6.06,2.29,2.72,2.62,105.24,108.1,False
300814,2026-05-06,2026,5.07,0.65,6.9,6.8,108.8,116.31,False
300814,2026-05-19,2026,5.41,-0.58,1.98,1.88,127.76,130.29,False
300814,2026-06-01,2026,5.23,-1.87,-7.88,-7.98,156.8,144.45,False
300853,2024-01-10,2024,6.19,-2.44,-1.51,-1.61,28.44,28.01,False
300853,2024-02-27,2024,5.13,-2.15,2.49,2.39,20.05,20.55,False
300853,2024-03-01,2024,5.7,0.15,1.02,0.92,19.69,19.89,False
300853,2024-06-27,2024,5.73,0.56,-1.73,-1.83,14.48,14.23,True
300853,2024-08-29,2024,6.19,0.33,0.98,0.88,12.22,12.34,False
300853,2024-09-30,2024,5.15,2.26,11.93,11.83,14.0,15.67,False
300853,2024-11-05,2024,5.5,1.51,1.1,1.0,18.1,18.3,False
300853,2024-12-02,2024,5.82,1.43,1.95,1.85,18.45,18.81,False
300853,2024-12-04,2024,6.01,-3.41,7.53,7.43,19.26,20.71,False
300853,2024-12-25,2024,5.19,-0.9,21.09,20.99,22.1,26.76,False
300853,2025-02-06,2025,5.25,1.14,9.04,8.94,19.47,21.23,False
300853,2025-02-11,2025,5.25,-0.77,0.82,0.72,21.9,22.08,False
300853,2025-03-11,2025,5.9,-1.67,-0.23,-0.33,30.53,30.46,False
300853,2025-03-13,2025,6.37,-1.98,-7.3,-7.4,31.76,29.44,False
300853,2025-03-17,2025,5.37,0.68,-0.99,-1.09,31.23,30.92,True
300853,2025-07-29,2025,5.99,0.08,-2.22,-2.32,25.66,25.09,True
300853,2025-11-04,2025,6.21,-0.54,-0.29,-0.39,23.98,23.91,False
300853,2026-04-09,2026,5.29,-0.58,-1.53,-1.63,18.99,18.7,False
300853,2026-05-26,2026,6.11,0.99,5.45,5.35,35.79,37.74,False
300853,2026-05-27,2026,6.49,-2.15,0.16,0.06,36.93,36.99,False
300979,2024-02-05,2024,5.22,1.21,1.37,1.27,57.69,58.48,False
300979,2024-03-18,2024,5.92,0.0,0.85,0.75,59.08,59.58,False
300979,2024-05-07,2024,5.14,-1.12,-1.0,-1.1,69.83,69.13,False
300979,2024-08-07,2024,6.05,-0.24,0.96,0.86,59.12,59.69,False
300979,2024-10-09,2024,6.21,-5.35,-7.67,-7.77,74.3,68.6,False
300979,2024-12-10,2024,5.67,1.71,-1.84,-1.94,77.3,75.88,True
300979,2025-05-30,2025,5.09,-0.83,-2.0,-2.1,54.01,52.93,False
301308,2024-03-01,2024,6.56,-0.75,6.22,6.12,82.5,87.63,False
301308,2024-03-04,2024,5.43,2.64,-2.71,-2.81,89.94,87.5,True
301308,2024-04-08,2024,6.35,-1.13,-5.06,-5.16,99.02,94.01,False
301308,2024-06-12,2024,5.23,-1.14,1.77,1.67,93.03,94.68,False
301308,2024-10-15,2024,5.03,0.01,-1.43,-1.53,88.26,87.0,True
301308,2024-11-12,2024,5.08,0.54,-4.1,-4.2,97.2,93.21,True
301308,2025-02-17,2025,5.22,1.6,3.08,2.98,91.32,94.13,False
301308,2025-02-20,2025,6.98,-0.01,-0.03,-0.13,95.66,95.63,False
301308,2025-02-25,2025,6.33,-2.38,0.71,0.61,101.0,101.72,False
301308,2025-03-17,2025,6.02,-0.34,0.92,0.82,108.0,108.99,False
301308,2025-06-18,2025,6.83,-0.39,5.43,5.33,76.2,80.34,False
301308,2025-06-19,2025,5.02,0.07,-1.18,-1.28,80.4,79.45,True
301308,2025-07-25,2025,5.03,-0.16,1.81,1.71,85.65,87.2,False
301308,2025-07-30,2025,5.91,-1.13,0.77,0.67,90.0,90.69,False
301308,2025-09-12,2025,5.9,3.59,9.88,9.78,101.0,110.98,False
301308,2025-09-30,2025,5.22,7.17,11.97,11.87,159.0,178.03,False
301308,2025-10-24,2025,5.12,3.58,12.69,12.59,197.0,222.0,False
301308,2025-10-30,2025,6.04,7.76,-3.74,-3.84,294.0,283.0,True
301308,2025-11-04,2025,6.77,-1.43,-4.08,-4.18,275.0,263.77,False
301308,2025-11-12,2025,6.21,-4.22,7.27,7.17,289.0,310.0,False
301308,2025-11-14,2025,5.23,-8.83,-2.13,-2.23,297.4,291.07,False
301308,2025-12-25,2025,5.27,-0.17,0.08,-0.02,255.01,255.22,False
301308,2026-03-17,2026,6.32,-1.1,-3.24,-3.34,343.0,331.9,False
301308,2026-03-25,2026,5.65,-0.19,4.73,4.63,322.88,338.16,False
301308,2026-04-28,2026,5.43,1.66,-4.57,-4.67,399.99,381.7,True
600171,2024-02-19,2024,5.34,1.55,1.86,1.76,11.82,12.04,False
600171,2024-03-01,2024,5.53,-0.08,4.16,4.06,12.97,13.51,False
600171,2024-04-30,2024,5.3,0.08,-0.79,-0.89,12.73,12.63,True
600171,2024-06-06,2024,6.28,5.5,4.27,4.17,18.03,18.8,False
600171,2024-06-19,2024,6.74,-2.17,1.6,1.5,19.37,19.68,False
600171,2024-08-12,2024,5.31,-4.21,-0.78,-0.88,23.18,23.0,False
600171,2024-08-15,2024,5.81,-1.98,0.66,0.56,24.26,24.42,False
600171,2024-09-02,2024,6.56,-0.87,-4.55,-4.65,20.46,19.53,False
600171,2024-09-10,2024,6.05,-0.93,-0.47,-0.57,21.37,21.27,False
600171,2024-09-30,2024,6.49,4.67,5.08,4.98,24.2,25.43,False
600171,2024-11-01,2024,5.88,-2.79,-7.41,-7.51,49.9,46.2,False
600171,2024-11-07,2024,6.21,0.02,-3.28,-3.38,46.69,45.16,True
600171,2024-12-25,2024,5.75,-2.15,0.13,0.03,45.01,45.07,False
600171,2025-01-15,2025,6.84,0.71,0.44,0.34,36.66,36.82,False
600171,2025-02-20,2025,5.01,0.0,-1.28,-1.38,39.19,38.69,False
600171,2025-04-10,2025,5.63,0.67,0.64,0.54,31.36,31.56,False
600171,2025-04-15,2025,5.96,-0.87,1.56,1.46,36.47,37.04,False
600171,2026-03-11,2026,6.61,0.0,-1.81,-1.91,31.44,30.87,False
600183,2024-01-16,2024,5.96,0.52,-1.31,-1.41,17.5,17.27,True
600183,2024-02-07,2024,6.84,0.34,-0.34,-0.44,14.74,14.69,True
600183,2024-03-19,2024,5.55,-0.43,-2.01,-2.11,18.37,18.0,False
600183,2024-03-21,2024,5.39,-1.0,-2.56,-2.66,18.78,18.3,False
600183,2024-05-06,2024,5.08,1.85,-1.11,-1.21,19.81,19.59,True
600183,2024-06-17,2024,5.76,0.42,-0.7,-0.8,21.57,21.42,True
600183,2024-09-30,2024,6.2,4.22,4.2,4.1,20.0,20.84,False
600183,2024-11-06,2024,6.24,0.35,-3.61,-3.71,22.71,21.89,True
600183,2024-12-17,2024,5.88,0.21,3.72,3.62,23.65,24.53,False
600183,2024-12-27,2024,5.99,-0.46,-1.17,-1.27,25.7,25.4,False
600183,2025-01-21,2025,5.87,0.31,0.45,0.35,29.15,29.28,False
600183,2025-01-23,2025,5.19,2.01,-4.65,-4.75,31.42,29.96,True
600183,2025-04-11,2025,5.67,-0.09,1.08,0.98,23.08,23.33,False
600183,2025-05-15,2025,6.03,-0.5,0.62,0.52,27.64,27.81,False
600183,2025-06-05,2025,5.69,-0.51,4.49,4.39,27.16,28.38,False
600183,2025-06-19,2025,6.14,0.17,-2.08,-2.18,29.8,29.18,True
600183,2025-07-09,2025,5.95,2.96,-0.52,-0.62,33.0,32.83,True
600183,2025-07-22,2025,5.23,-1.04,1.18,1.08,38.01,38.46,False
600183,2025-08-14,2025,6.02,-2.16,-2.28,-2.38,41.7,40.75,False
600183,2025-09-19,2025,5.4,1.44,-2.1,-2.2,57.2,56.0,True
600183,2025-09-23,2025,6.25,4.74,-5.92,-6.02,62.32,58.63,True
600183,2025-10-27,2025,5.03,1.9,7.95,7.85,59.61,64.35,False
600183,2025-11-26,2025,5.07,-1.7,5.15,5.05,54.4,57.2,False
600183,2025-12-18,2025,5.66,-2.6,-3.32,-3.42,63.3,61.2,False
600183,2025-12-29,2025,5.4,0.08,-1.82,-1.92,74.56,73.2,True
600183,2026-02-25,2026,5.26,0.4,1.91,1.81,67.9,69.2,False
600183,2026-02-27,2026,5.49,-3.42,-1.97,-2.07,70.5,69.11,False
600183,2026-03-11,2026,5.73,0.92,-2.31,-2.41,65.0,63.5,True
600183,2026-04-08,2026,5.14,3.26,3.47,3.37,57.0,58.98,False
600183,2026-04-09,2026,6.85,-1.98,2.4,2.3,57.81,59.2,False
600183,2026-04-15,2026,5.28,2.51,-2.34,-2.44,68.5,66.9,True
600183,2026-04-28,2026,5.56,0.87,-0.93,-1.03,77.34,76.62,True
600183,2026-05-07,2026,5.62,1.99,-0.51,-0.61,82.42,82.0,True
600188,2024-02-23,2024,6.57,0.04,-0.69,-0.79,27.42,27.23,True
600188,2024-07-16,2024,5.95,0.51,-0.13,-0.23,15.74,15.72,True
600188,2025-07-23,2025,6.27,1.77,-3.26,-3.36,13.8,13.35,True
600188,2026-02-13,2026,5.17,-1.6,0.7,0.6,17.23,17.35,False
600188,2026-03-03,2026,6.38,1.33,7.33,7.23,19.1,20.5,False
600188,2026-03-10,2026,5.19,-5.42,1.56,1.46,19.18,19.48,False
600563,2024-01-24,2024,6.6,0.79,-4.76,-4.86,104.87,99.88,True
600563,2024-03-11,2024,6.55,-0.87,4.95,4.85,109.0,114.4,False
600563,2024-04-30,2024,5.34,-1.14,0.66,0.56,97.85,98.5,False
600563,2024-07-26,2024,5.34,-1.08,-0.96,-1.06,91.01,90.14,False
600563,2024-08-07,2024,6.36,-0.54,-2.23,-2.33,86.69,84.76,False
600563,2024-08-27,2024,6.75,0.7,-0.75,-0.85,78.8,78.21,True
600563,2024-08-30,2024,6.7,0.0,2.11,2.01,83.76,85.53,False
600563,2024-10-09,2024,6.12,-2.03,-2.19,-2.29,107.3,104.95,False
600563,2025-01-20,2025,5.98,1.34,-1.24,-1.34,123.58,122.05,True
600563,2025-03-04,2025,5.33,0.03,-0.91,-1.01,128.85,127.68,True
600563,2025-03-11,2025,5.03,-0.77,1.29,1.19,128.0,129.65,False
600563,2025-10-17,2025,5.28,-0.54,-5.43,-5.53,128.28,121.32,False
600563,2026-03-25,2026,5.96,3.79,3.61,3.51,132.0,136.77,False
600563,2026-03-30,2026,5.78,-5.01,-2.24,-2.34,135.53,132.5,False
600563,2026-04-15,2026,5.76,0.32,-2.72,-2.82,126.67,123.22,True
600563,2026-05-14,2026,5.29,1.7,-3.02,-3.12,134.95,130.87,True
600570,2024-02-07,2024,6.94,0.0,1.26,1.16,20.64,20.9,False
600570,2024-04-29,2024,5.18,-0.51,3.97,3.87,21.4,22.25,False
600570,2024-08-01,2024,5.77,-0.44,-0.6,-0.7,18.24,18.13,False
600570,2024-09-25,2024,6.82,2.56,-0.56,-0.66,18.0,17.9,True
600570,2024-09-27,2024,5.59,5.77,4.0,3.9,19.99,20.79,False
600570,2024-10-15,2024,6.67,-1.96,4.62,4.52,24.45,25.58,False
600570,2024-11-08,2024,6.92,2.82,-5.55,-5.65,33.52,31.66,True
600570,2025-01-15,2025,5.46,-0.15,-1.2,-1.3,26.62,26.3,False
600570,2025-02-06,2025,5.01,0.22,4.29,4.19,27.3,28.47,False
600570,2025-02-10,2025,5.9,1.49,0.52,0.42,30.6,30.76,False
600570,2025-02-13,2025,5.42,-1.49,-0.62,-0.72,32.4,32.2,False
600570,2025-02-24,2025,6.24,-0.86,-2.5,-2.6,34.78,33.91,False
600570,2025-06-24,2025,6.35,-0.34,1.35,1.25,29.69,30.09,False
600570,2026-01-13,2026,6.91,2.9,-4.36,-4.46,34.39,32.89,True
600570,2026-01-15,2026,6.81,-2.36,-0.17,-0.27,34.3,34.24,False
600584,2024-03-11,2024,5.27,-2.97,1.88,1.78,28.13,28.66,False
600584,2024-07-04,2024,5.44,-0.83,-0.81,-0.91,32.11,31.85,False
600584,2024-07-10,2024,6.05,-0.91,-0.09,-0.19,32.81,32.78,False
600584,2024-09-02,2024,5.6,-0.37,-4.61,-4.71,32.53,31.03,False
600584,2024-11-06,2024,5.71,0.07,5.99,5.89,41.1,43.56,False
600584,2024-11-07,2024,6.06,-2.2,2.89,2.79,42.6,43.83,False
600584,2024-11-12,2024,6.74,0.06,-1.03,-1.13,46.58,46.1,True
600584,2024-12-31,2024,6.23,0.02,-4.93,-5.03,42.98,40.86,True
600584,2025-01-13,2025,6.34,-1.7,-1.27,-1.37,39.4,38.9,False
600584,2025-02-07,2025,6.79,-0.19,-0.66,-0.76,42.2,41.92,False
600584,2025-08-25,2025,6.18,2.96,-2.48,-2.58,39.99,39.0,True
600584,2025-09-25,2025,5.1,0.07,3.86,3.76,41.23,42.82,False
600584,2025-10-10,2025,6.6,-3.09,-3.91,-4.01,45.55,43.77,False
600584,2026-01-12,2026,5.64,1.94,4.05,3.95,41.98,43.68,False
600584,2026-01-13,2026,6.07,-0.41,-2.99,-3.09,43.5,42.2,False
600584,2026-01-22,2026,6.3,3.76,-9.51,-9.61,54.59,49.4,True
600584,2026-02-10,2026,6.13,0.02,-1.13,-1.23,46.77,46.24,True
600584,2026-05-07,2026,5.79,1.45,-0.29,-0.39,48.9,48.76,True
600584,2026-05-18,2026,6.89,-1.0,1.5,1.4,57.47,58.33,False
600703,2024-04-30,2024,6.59,0.0,0.64,0.54,12.45,12.53,False
600703,2024-09-30,2024,6.48,5.38,4.36,4.26,11.94,12.46,False
600703,2024-11-12,2024,6.69,0.07,-2.51,-2.61,15.16,14.78,True
600703,2025-08-27,2025,6.37,-0.64,-1.6,-1.7,15.6,15.35,False
600703,2025-09-08,2025,6.67,2.58,-0.53,-0.63,15.1,15.02,True
600703,2025-12-10,2025,5.49,-1.28,0.43,0.33,13.84,13.9,False
600703,2026-01-26,2026,5.75,2.66,-4.0,-4.1,16.98,16.3,True
600703,2026-03-09,2026,5.21,-3.83,0.37,0.27,16.32,16.38,False
600703,2026-03-12,2026,5.77,0.06,9.91,9.81,17.05,18.74,False
600745,2024-03-01,2024,5.39,0.92,6.29,6.19,38.5,40.92,False
600745,2024-06-18,2024,5.41,-0.13,-0.06,-0.16,31.54,31.52,False
600745,2024-09-30,2024,5.87,7.56,2.28,2.18,32.0,32.73,False
600745,2024-10-21,2024,5.82,1.22,4.11,4.01,33.11,34.47,False
600745,2024-10-22,2024,5.38,-0.78,-0.2,-0.3,34.2,34.13,False
600745,2024-10-30,2024,6.01,-2.75,-0.88,-0.98,41.02,40.66,False
600745,2024-11-06,2024,5.44,0.04,-2.3,-2.4,45.22,44.18,True
600745,2024-11-28,2024,5.93,0.0,-2.19,-2.29,41.07,40.17,False
600745,2025-01-15,2025,5.84,-0.18,-0.88,-0.98,33.1,32.81,False
600745,2025-01-27,2025,5.06,0.0,-3.5,-3.6,34.88,33.66,False
600745,2025-07-21,2025,5.53,0.16,0.19,0.09,37.05,37.12,False
600745,2025-09-08,2025,5.45,0.14,2.36,2.26,41.5,42.48,False
600745,2026-03-09,2026,5.05,-2.85,5.33,5.23,31.73,33.42,False
600745,2026-05-22,2026,5.0,-2.5,-1.1,-1.2,16.38,16.2,False
600745,2026-05-26,2026,5.0,2.94,2.0,1.9,17.51,17.86,False
600745,2026-05-29,2026,5.01,4.98,0.0,-0.1,20.67,20.67,False
600745,2026-06-03,2026,5.02,5.0,-9.53,-9.63,23.93,21.65,True
600746,2024-01-26,2024,6.39,-0.9,2.27,2.17,6.6,6.75,False
600746,2024-02-19,2024,5.97,0.0,1.23,1.13,5.68,5.75,False
600746,2024-02-21,2024,5.74,-1.81,-0.34,-0.44,5.97,5.95,False
600746,2024-05-07,2024,6.88,5.48,0.52,0.42,7.7,7.74,False
600746,2024-05-08,2024,6.03,0.52,-3.98,-4.08,7.78,7.47,True
600746,2024-10-08,2024,6.81,9.71,-6.07,-6.17,7.91,7.43,True
600746,2025-04-02,2025,6.58,-0.93,-1.41,-1.51,8.5,8.38,False
600746,2025-04-16,2025,5.97,-2.92,0.54,0.44,9.3,9.35,False
600746,2026-04-08,2026,5.42,-8.56,3.64,3.54,9.61,9.96,False
600985,2024-04-08,2024,5.73,-1.37,1.45,1.35,17.3,17.55,False
600985,2024-05-21,2024,5.35,-0.56,0.05,-0.05,19.58,19.59,False
600985,2024-06-13,2024,6.34,-0.05,-2.56,-2.66,18.77,18.29,False
600985,2024-08-01,2024,5.0,-0.2,-1.21,-1.31,14.88,14.7,False
600985,2024-09-02,2024,5.32,0.0,0.48,0.38,14.46,14.53,False
600985,2024-09-27,2024,6.28,0.8,0.67,0.57,16.38,16.49,False
600985,2026-01-23,2026,5.6,-0.08,-0.34,-0.44,11.87,11.83,False
600985,2026-05-28,2026,6.39,-0.41,2.01,1.91,14.42,14.71,False
601138,2024-02-06,2024,6.11,-3.18,8.6,8.5,14.3,15.53,False
601138,2024-02-07,2024,5.15,-1.67,0.2,0.1,15.27,15.3,False
601138,2024-05-17,2024,5.27,-1.49,1.98,1.88,25.2,25.7,False
601138,2024-06-14,2024,6.28,0.58,4.53,4.43,26.05,27.23,False
601138,2024-06-17,2024,5.14,-0.59,1.63,1.53,27.07,27.51,False
601138,2024-09-02,2024,6.5,-0.49,-4.52,-4.62,20.37,19.45,False
601138,2024-09-30,2024,6.19,5.65,3.66,3.56,24.3,25.19,False
601138,2024-11-11,2024,5.44,-2.62,6.76,6.66,25.3,27.01,False
601138,2025-02-10,2025,5.22,0.51,0.28,0.18,21.66,21.72,False
601138,2025-04-10,2025,5.76,9.61,0.34,0.24,17.9,17.96,False
601138,2025-05-30,2025,6.03,-1.93,-2.02,-2.12,19.32,18.93,False
601138,2025-06-06,2025,5.82,-0.29,-0.93,-1.03,20.5,20.31,False
601138,2025-07-16,2025,5.13,-0.95,-0.96,-1.06,26.99,26.73,False
601138,2025-07-30,2025,5.48,-0.61,7.35,7.25,31.0,33.28,False
601138,2025-07-31,2025,6.7,-0.06,4.06,3.96,33.26,34.61,False
601138,2025-08-06,2025,6.31,-2.71,0.59,0.49,34.1,34.3,False
601138,2025-09-08,2025,5.08,-1.49,-6.55,-6.65,55.0,51.4,False
601138,2025-09-19,2025,5.3,1.99,0.7,0.6,65.64,66.1,False
601138,2025-09-23,2025,6.66,5.99,-5.15,-5.25,74.72,70.87,True
601138,2025-10-16,2025,6.13,-2.18,2.56,2.46,62.0,63.59,False
601138,2025-10-27,2025,5.09,2.99,5.05,4.95,69.26,72.76,False
601138,2026-04-15,2026,5.78,0.75,-2.59,-2.69,59.36,57.82,True
603005,2024-02-08,2024,6.43,0.0,5.6,5.5,15.72,16.6,False
603005,2024-02-19,2024,5.6,2.41,-1.0,-1.1,17.0,16.83,True
603005,2024-04-18,2024,5.17,-0.49,0.0,-0.1,16.19,16.19,False
603005,2024-06-24,2024,5.83,-2.27,-1.0,-1.1,22.0,21.78,False
603005,2024-07-19,2024,5.68,-1.48,0.59,0.49,22.0,22.13,False
603005,2024-09-30,2024,5.56,4.87,4.88,4.78,20.9,21.92,False
603005,2024-10-21,2024,6.1,2.19,0.46,0.36,23.8,23.91,False
603005,2024-10-31,2024,5.97,-1.08,6.04,5.94,26.5,28.1,False
603005,2024-11-11,2024,5.26,3.73,6.03,5.93,29.5,31.28,False
603005,2025-02-13,2025,6.16,-0.4,-1.36,-1.46,34.52,34.05,False
603005,2025-06-24,2025,6.52,-1.28,1.92,1.82,27.1,27.62,False
603005,2025-08-07,2025,5.6,-0.63,0.36,0.26,30.16,30.27,False
603005,2025-10-22,2025,5.55,-1.17,-0.71,-0.81,29.68,29.47,False
603005,2026-01-28,2026,5.19,0.32,0.63,0.53,31.73,31.93,False
603005,2026-04-09,2026,5.2,-1.39,0.5,0.4,27.75,27.89,False
603005,2026-04-20,2026,5.15,1.41,-2.75,-2.85,31.68,30.81,True
603005,2026-05-29,2026,6.02,-1.25,-8.86,-8.96,45.03,41.04,False
603160,2024-02-07,2024,6.71,0.04,8.14,8.04,52.31,56.57,False
603160,2024-03-01,2024,5.57,-0.02,2.1,2.0,63.29,64.62,False
603160,2024-04-29,2024,5.42,0.1,2.12,2.02,60.35,61.63,False
603160,2024-06-14,2024,5.46,-0.69,0.89,0.79,67.5,68.1,False
603160,2024-07-10,2024,5.26,-1.74,-1.28,-1.38,68.88,68.0,False
603160,2024-08-19,2024,5.74,1.72,1.68,1.58,64.45,65.53,False
603160,2024-09-30,2024,5.65,6.01,3.77,3.67,67.42,69.96,False
603160,2024-11-07,2024,5.45,-2.08,2.64,2.54,91.96,94.39,False
603160,2025-11-04,2025,5.96,-0.05,-1.01,-1.11,87.02,86.14,False
603160,2026-04-09,2026,6.7,-1.16,2.07,1.97,67.07,68.46,False
603160,2026-05-26,2026,5.2,0.01,-2.02,-2.12,67.97,66.6,True
603228,2024-01-26,2024,5.59,-1.28,-1.2,-1.3,19.21,18.98,False
603228,2024-02-28,2024,6.11,-0.19,-5.53,-5.63,20.8,19.65,False
603228,2024-05-08,2024,5.38,0.16,-0.67,-0.77,25.3,25.13,True
603228,2024-07-10,2024,6.29,-0.13,4.84,4.74,31.2,32.71,False
603228,2024-09-30,2024,5.81,3.52,5.48,5.38,27.35,28.85,False
603228,2025-01-08,2025,5.94,-1.67,-0.87,-0.97,27.72,27.48,False
603228,2025-01-20,2025,6.11,3.9,5.88,5.78,33.01,34.95,False
603228,2025-01-23,2025,5.21,0.0,-1.59,-1.69,37.19,36.6,False
603228,2025-02-19,2025,5.81,-2.01,3.84,3.74,38.0,39.46,False
603228,2025-03-11,2025,6.64,-0.94,1.89,1.79,35.94,36.62,False
603228,2025-03-17,2025,6.85,-0.08,-2.1,-2.2,38.64,37.83,False
603228,2025-06-05,2025,5.46,-0.61,5.73,5.63,32.83,34.71,False
603228,2025-06-06,2025,5.09,-2.19,1.03,0.93,33.95,34.3,False
603228,2025-07-04,2025,5.06,2.11,5.65,5.55,44.09,46.58,False
603228,2025-07-22,2025,6.64,-1.98,-2.88,-2.98,55.85,54.24,False
603228,2025-07-28,2025,6.64,0.0,8.37,8.27,58.3,63.18,False
603228,2025-08-19,2025,5.72,-0.74,-0.24,-0.34,57.59,57.45,False
603228,2025-08-29,2025,6.9,-1.89,-0.17,-0.27,64.0,63.89,False
603228,2025-09-08,2025,5.13,2.38,-4.82,-4.92,56.0,53.3,True
603228,2025-10-27,2025,6.37,3.92,5.85,5.75,66.29,70.17,False
603228,2025-10-30,2025,5.64,-1.31,-8.03,-8.13,80.47,74.01,False
603228,2025-11-04,2025,6.34,0.0,-3.29,-3.39,77.2,74.66,False
603228,2025-11-26,2025,6.75,-1.64,3.74,3.64,62.8,65.15,False
603228,2025-12-17,2025,5.55,-1.03,5.86,5.76,67.92,71.9,False
603228,2025-12-25,2025,6.32,0.13,0.2,0.1,76.7,76.85,False
603228,2026-01-07,2026,5.3,-1.09,3.88,3.78,77.0,79.99,False
603228,2026-03-11,2026,5.95,0.19,0.64,0.54,62.05,62.45,False
603228,2026-04-23,2026,5.8,-1.52,3.09,2.99,67.9,70.0,False
603228,2026-05-08,2026,5.79,-1.66,2.05,1.95,73.0,74.5,False
603228,2026-05-21,2026,6.99,1.6,-3.2,-3.3,77.48,75.0,True
603228,2026-05-26,2026,5.36,-2.21,2.94,2.84,85.0,87.5,False
603267,2024-03-12,2024,6.55,-0.49,1.08,0.98,38.84,39.26,False
603267,2024-04-30,2024,6.13,-0.23,-1.33,-1.43,34.56,34.1,False
603267,2024-05-10,2024,5.59,-0.14,-1.68,-1.78,36.8,36.18,False
603267,2024-06-12,2024,6.2,-0.51,0.65,0.55,36.8,37.04,False
603267,2024-07-17,2024,5.75,-0.59,-0.98,-1.08,35.65,35.3,False
603267,2024-07-29,2024,5.57,0.67,4.73,4.63,37.42,39.19,False
603267,2024-07-30,2024,5.43,-0.79,0.46,0.36,38.88,39.06,False
603267,2024-09-30,2024,5.97,4.59,5.19,5.09,36.03,37.9,False
603267,2024-10-18,2024,6.35,-1.16,3.42,3.32,39.23,40.57,False
603267,2024-11-11,2024,5.2,0.0,2.82,2.72,45.09,46.36,False
603267,2025-02-21,2025,5.65,-0.61,1.55,1.45,37.52,38.1,False
603267,2025-03-05,2025,6.09,-0.63,-0.35,-0.45,42.38,42.23,False
603267,2025-04-02,2025,5.67,0.13,1.73,1.63,54.86,55.81,False
603267,2025-04-11,2025,6.84,-2.12,2.22,2.12,59.59,60.91,False
603267,2025-07-14,2025,6.11,0.32,-2.88,-2.98,52.8,51.28,True
603267,2025-08-26,2025,6.66,-0.08,-1.14,-1.24,61.65,60.95,False
603267,2025-09-18,2025,6.48,-0.78,1.42,1.32,57.2,58.01,False
603267,2025-10-28,2025,5.32,-0.4,3.61,3.51,56.8,58.85,False
603267,2025-12-25,2025,5.15,-0.29,0.49,0.39,51.53,51.78,False
603267,2026-01-28,2026,6.11,-0.33,-0.92,-1.02,60.72,60.16,False
603267,2026-04-09,2026,6.59,-1.72,0.43,0.33,49.13,49.34,False
603379,2024-04-18,2024,5.78,-0.34,-2.02,-2.12,44.5,43.6,False
603379,2024-05-07,2024,5.23,1.9,1.27,1.17,45.55,46.13,False
603379,2024-09-25,2024,5.7,0.83,-3.14,-3.24,29.0,28.09,True
603379,2024-09-30,2024,5.99,6.87,1.14,1.04,35.0,35.4,False
603379,2024-12-20,2024,5.69,0.82,0.31,0.21,35.74,35.85,False
603379,2024-12-24,2024,5.3,0.5,1.08,0.98,37.94,38.35,False
603379,2025-04-09,2025,5.7,-2.11,0.78,0.68,38.46,38.76,False
603379,2025-04-15,2025,6.65,0.32,1.27,1.17,40.87,41.39,False
603379,2025-08-13,2025,5.2,-0.52,0.54,0.44,53.34,53.63,False
603379,2026-01-20,2026,5.2,1.0,0.18,0.08,61.88,61.99,False
603379,2026-02-25,2026,5.45,0.83,-1.13,-1.23,71.78,70.97,True
603379,2026-06-02,2026,6.8,0.75,-1.34,-1.44,61.88,61.05,True
603501,2024-02-07,2024,6.13,0.88,1.24,1.14,84.82,85.87,False
603501,2024-03-19,2024,6.66,-0.59,1.36,1.26,99.46,100.81,False
603501,2024-04-18,2024,5.18,0.32,-1.6,-1.7,99.42,97.83,True
603501,2024-04-30,2024,6.12,-0.3,-0.7,-0.8,102.32,101.6,False
603501,2024-10-21,2024,6.3,2.63,0.51,0.41,113.1,113.68,False
603501,2025-01-15,2025,5.01,-0.11,-1.99,-2.09,104.64,102.56,False
603501,2025-02-19,2025,5.43,0.97,8.94,8.84,145.0,157.96,False
603501,2025-04-30,2025,5.01,1.22,1.23,1.13,129.98,131.58,False
603501,2025-08-25,2025,5.39,1.24,-1.04,-1.14,138.52,137.08,True
603501,2026-04-09,2026,5.1,-1.52,0.26,0.16,94.0,94.24,False
603920,2024-02-07,2024,5.66,2.08,4.93,4.83,12.77,13.4,False
603920,2024-03-04,2024,6.84,5.38,3.12,3.02,18.6,19.18,False
603920,2024-03-11,2024,6.31,-3.56,-1.23,-1.33,20.3,20.05,False
603920,2024-03-14,2024,5.76,-3.01,-1.82,-1.92,20.3,19.93,False
603920,2024-04-25,2024,6.28,-0.58,-3.18,-3.28,17.0,16.46,False
603920,2024-04-29,2024,5.83,2.58,1.01,0.91,17.87,18.05,False
603920,2024-06-12,2024,5.45,-1.07,1.86,1.76,19.33,19.69,False
603920,2024-07-10,2024,5.65,-0.54,8.52,8.42,21.96,23.83,False
603920,2024-07-17,2024,5.0,-2.42,-7.77,-7.87,24.59,22.68,False
603920,2024-09-02,2024,5.76,-0.74,-2.44,-2.54,20.06,19.57,False
603920,2024-09-27,2024,5.83,-0.59,6.0,5.9,21.84,23.15,False
603920,2024-09-30,2024,5.37,2.25,7.6,7.5,23.67,25.47,False
603920,2024-10-23,2024,5.07,-2.53,7.27,7.17,25.03,26.85,False
603920,2024-10-30,2024,6.81,-2.21,3.7,3.6,27.0,28.0,False
603920,2024-11-01,2024,5.71,-2.26,-3.94,-4.04,28.93,27.79,False
603920,2024-11-11,2024,5.04,0.84,4.22,4.12,33.61,35.03,False
603920,2024-11-12,2024,5.1,0.77,-0.37,-0.47,35.3,35.17,True
603920,2024-12-02,2024,5.43,-0.26,7.21,7.11,30.8,33.02,False
603920,2024-12-03,2024,6.93,-0.42,-2.8,-2.9,32.88,31.96,False
603920,2025-07-09,2025,5.45,0.16,-1.01,-1.11,30.79,30.48,True
603920,2025-08-12,2025,5.94,0.29,-1.09,-1.19,34.0,33.63,True
603920,2025-09-30,2025,6.51,-0.71,-0.89,-0.99,46.0,45.59,False
603920,2025-10-27,2025,5.8,1.59,-0.51,-0.61,43.36,43.14,True
603920,2025-11-07,2025,6.57,0.32,2.77,2.67,43.3,44.5,False
603920,2025-12-29,2025,5.57,1.06,-0.62,-0.72,46.74,46.45,True
603920,2026-01-28,2026,6.36,0.59,-0.39,-0.49,68.65,68.38,True
603920,2026-04-10,2026,5.55,-0.07,-2.35,-2.45,57.04,55.7,False
603920,2026-05-12,2026,5.63,-1.0,6.41,6.31,62.55,66.56,False
603920,2026-05-13,2026,5.35,-1.11,-1.46,-1.56,65.82,64.86,False
603920,2026-05-25,2026,5.23,1.5,1.23,1.13,67.65,68.48,False
603986,2024-02-07,2024,6.98,0.31,0.24,0.14,62.15,62.3,False
603986,2024-03-13,2024,5.86,1.27,-2.06,-2.16,80.0,78.35,True
603986,2024-04-12,2024,5.66,-0.54,5.8,5.7,69.8,73.85,False
603986,2024-04-15,2024,5.23,-1.15,0.27,0.17,73.0,73.2,False
603986,2024-09-25,2024,5.02,1.18,0.35,0.25,69.21,69.45,False
603986,2024-09-30,2024,6.82,6.16,3.54,3.44,85.35,88.37,False
603986,2024-10-21,2024,6.49,5.41,-2.78,-2.88,92.49,89.92,True
603986,2025-01-08,2025,5.69,-0.99,10.07,9.97,104.16,114.65,False
603986,2025-01-20,2025,5.14,0.01,-1.34,-1.44,134.8,133.0,True
603986,2025-02-06,2025,6.24,-1.66,5.66,5.56,133.1,140.63,False
603986,2025-09-23,2025,5.3,0.51,-0.98,-1.08,196.0,194.07,True
603986,2025-10-10,2025,5.71,0.0,-4.65,-4.75,225.5,215.02,True
603986,2025-10-22,2025,5.12,-2.29,-1.43,-1.53,214.0,210.93,False
603986,2025-10-27,2025,6.82,4.03,5.73,5.63,230.0,243.19,False
603986,2025-11-26,2025,6.38,-1.89,5.07,4.97,187.01,196.5,False
603986,2025-12-19,2025,6.07,2.59,-4.45,-4.55,220.0,210.21,True
603986,2026-01-07,2026,6.41,7.66,-2.78,-2.88,270.0,262.5,True
603986,2026-01-22,2026,5.36,4.01,-5.79,-5.89,320.0,301.47,True
603986,2026-01-28,2026,5.01,2.15,3.12,3.02,313.88,323.68,False
603986,2026-01-29,2026,5.34,1.92,-6.78,-6.88,329.88,307.5,True
603986,2026-02-10,2026,6.09,-2.0,0.96,0.86,287.13,289.9,False
603986,2026-02-13,2026,6.55,0.0,1.8,1.7,303.24,308.7,False
603986,2026-03-19,2026,5.15,-3.61,1.23,1.13,300.0,303.68,False
603986,2026-04-13,2026,5.83,-1.54,0.44,0.34,261.0,262.14,False
603986,2026-04-15,2026,6.82,1.78,-3.86,-3.96,285.0,274.0,True
603986,2026-04-22,2026,5.41,-0.9,3.45,3.35,303.5,313.98,False
603986,2026-05-18,2026,5.38,8.86,-2.1,-2.2,408.58,400.0,True
603986,2026-05-19,2026,6.57,-2.5,3.73,3.63,390.0,404.56,False
688008,2024-02-07,2024,7.0,0.29,1.78,1.68,47.85,48.7,False
688008,2024-04-29,2024,5.11,-0.14,1.24,1.14,50.7,51.33,False
688008,2024-05-28,2024,5.77,-0.61,0.5,0.4,52.3,52.56,False
688008,2024-09-04,2024,5.99,-1.78,0.17,0.07,52.0,52.09,False
688008,2024-11-28,2024,5.67,-0.13,-0.12,-0.22,66.6,66.52,False
688008,2025-01-15,2025,5.6,-0.27,-0.08,-0.18,66.25,66.2,False
688008,2025-02-24,2025,6.31,0.9,-0.04,-0.14,77.7,77.67,True
688008,2025-06-04,2025,5.77,-0.4,-0.12,-0.22,80.4,80.3,False
688008,2025-08-07,2025,6.79,0.51,1.71,1.61,91.4,92.96,False
688008,2025-09-08,2025,5.41,1.47,-0.61,-0.71,110.0,109.33,True
688008,2025-09-11,2025,5.7,-3.59,6.73,6.63,110.0,117.4,False
688008,2026-01-19,2026,5.47,-0.76,-1.84,-1.94,141.5,138.9,False
688008,2026-02-10,2026,6.06,-0.55,2.9,2.8,172.5,177.5,False
688008,2026-02-25,2026,6.08,0.01,-3.94,-4.04,174.62,167.74,True
688008,2026-04-14,2026,6.11,3.41,-2.63,-2.73,157.5,153.36,True
688008,2026-05-08,2026,5.49,-2.34,2.57,2.47,205.0,210.27,False
688012,2024-02-28,2024,6.34,-0.47,-3.19,-3.29,137.8,133.41,False
688012,2024-04-16,2024,5.65,-1.15,-0.84,-0.94,144.8,143.59,False
688012,2024-06-04,2024,5.83,-0.59,2.48,2.38,136.5,139.88,False
688012,2024-08-01,2024,6.54,0.8,-0.01,-0.11,158.46,158.44,True
688012,2024-09-27,2024,5.35,2.02,5.3,5.2,130.01,136.9,False
688012,2024-11-01,2024,6.23,0.0,-1.99,-2.09,192.43,188.61,False
688012,2024-11-05,2024,5.94,-0.91,2.27,2.17,198.0,202.5,False
688012,2024-12-02,2024,5.32,-0.2,-0.7,-0.8,221.56,220.0,False
688012,2025-01-15,2025,5.3,0.68,-1.76,-1.86,189.73,186.39,True
688012,2025-02-07,2025,5.84,-0.3,0.13,0.03,192.0,192.24,False
688012,2025-02-13,2025,5.08,0.0,-3.21,-3.31,196.93,190.6,False
688012,2025-03-07,2025,6.5,-0.6,0.03,-0.07,214.6,214.66,False
688012,2025-04-10,2025,6.14,2.63,-1.57,-1.67,191.88,188.86,True
688012,2025-07-24,2025,5.87,-0.13,0.38,0.28,198.26,199.02,False
688012,2025-08-25,2025,6.62,1.95,-4.09,-4.19,220.0,211.0,True
688012,2025-09-09,2025,6.34,-1.29,-2.65,-2.75,209.95,204.38,False
688012,2025-09-18,2025,6.17,0.18,11.24,11.14,227.6,253.18,False
688012,2025-09-30,2025,5.17,-0.98,-1.0,-1.1,302.0,298.99,False
688012,2025-10-10,2025,6.73,-1.4,-6.88,-6.98,314.64,293.0,False
688012,2025-10-27,2025,5.3,3.07,1.85,1.75,290.0,295.37,False
688012,2025-11-05,2025,5.38,-3.02,3.35,3.25,284.0,293.5,False
688012,2026-01-07,2026,5.89,3.1,3.67,3.57,339.88,352.34,False
688012,2026-01-08,2026,6.88,-1.14,-0.7,-0.8,348.31,345.88,False
688012,2026-01-16,2026,5.28,1.62,0.04,-0.06,377.0,377.14,False
688018,2024-02-07,2024,5.63,0.99,1.6,1.5,84.33,85.68,False
688018,2024-03-01,2024,5.28,0.07,1.43,1.33,94.82,96.18,False
688018,2024-04-10,2024,6.42,-0.04,-3.35,-3.45,96.1,92.88,False
688018,2024-04-18,2024,5.76,-0.43,3.4,3.3,94.0,97.2,False
688018,2024-09-27,2024,5.6,1.45,3.01,2.91,98.0,100.95,False
688018,2024-11-06,2024,5.2,0.97,-2.07,-2.17,130.65,127.95,True
688018,2024-11-22,2024,6.47,0.67,1.2,1.1,131.67,133.25,False
688018,2025-02-07,2025,6.34,-1.89,-1.32,-1.42,260.0,256.56,False
688018,2025-04-11,2025,5.71,-1.19,4.42,4.32,186.06,194.28,False
688018,2025-06-10,2025,5.23,-1.38,-5.37,-5.47,149.0,141.0,False
688018,2025-06-26,2025,6.31,-0.48,-1.4,-1.5,146.12,144.08,False
688018,2025-07-11,2025,5.77,-0.47,-0.91,-1.01,155.74,154.33,False
688018,2025-08-14,2025,5.15,-0.24,-1.01,-1.11,162.9,161.26,False
688018,2025-09-12,2025,6.09,-0.33,1.33,1.23,188.0,190.5,False
688018,2025-11-27,2025,5.59,1.4,-1.44,-1.54,168.23,165.81,True
688018,2025-12-31,2025,5.41,1.79,-3.41,-3.51,176.0,170.0,True
688018,2026-03-30,2026,5.23,-1.81,1.07,0.97,142.28,143.8,False
688018,2026-04-09,2026,6.47,-2.12,-0.62,-0.72,147.8,146.89,False
688018,2026-04-27,2026,5.2,-0.91,2.47,2.37,172.0,176.25,False
688019,2024-01-19,2024,5.24,0.78,0.68,0.58,142.0,142.96,False
688019,2024-02-08,2024,5.28,1.0,-0.99,-1.09,151.0,149.51,True
688019,2024-05-28,2024,5.47,-0.91,0.95,0.85,160.53,162.06,False
688019,2024-10-31,2024,6.97,0.05,2.13,2.03,150.88,154.1,False
688019,2024-11-05,2024,5.98,-0.57,4.47,4.37,156.0,162.97,False
688019,2024-11-20,2024,5.48,-1.32,0.21,0.11,158.0,158.33,False
688019,2025-01-15,2025,6.81,-0.39,-0.06,-0.16,145.0,144.91,False
688019,2025-02-07,2025,5.19,-0.08,1.79,1.69,151.88,154.6,False
688019,2025-07-01,2025,5.14,1.56,3.39,3.29,154.17,159.4,False
688019,2025-07-02,2025,5.01,-1.27,-2.16,-2.26,157.38,153.98,False
688019,2025-08-29,2025,5.65,-0.06,-1.35,-1.45,178.0,175.6,False
688019,2025-09-12,2025,5.55,0.06,0.03,-0.07,178.5,178.56,False
688019,2025-10-22,2025,5.15,-1.26,-1.07,-1.17,210.0,207.76,False
688019,2025-12-01,2025,5.26,-0.17,1.22,1.12,201.45,203.9,False
688019,2026-04-09,2026,6.15,-1.16,1.4,1.3,265.0,268.72,False
688019,2026-05-12,2026,5.55,-0.04,0.52,0.42,270.1,271.5,False
688019,2026-05-14,2026,5.71,1.04,-6.55,-6.65,289.99,271.0,True
688019,2026-05-20,2026,5.35,-0.33,6.88,6.78,303.0,323.84,False
688019,2026-05-21,2026,6.53,1.28,-7.08,-7.18,328.0,304.79,True
688019,2026-05-26,2026,5.79,1.97,1.07,0.97,335.72,339.3,False
688025,2024-03-07,2024,5.49,0.48,-4.68,-4.78,55.99,53.37,True
688025,2024-04-18,2024,5.59,0.69,0.85,0.75,42.58,42.94,False
688025,2024-05-15,2024,6.63,-0.51,-3.35,-3.45,44.51,43.02,False
688025,2024-06-12,2024,5.91,1.65,2.6,2.5,43.0,44.12,False
688025,2024-08-01,2024,6.1,0.4,-0.17,-0.27,35.1,35.04,True
688025,2024-08-27,2024,6.07,-0.12,-1.67,-1.77,33.0,32.45,False
688025,2024-08-30,2024,5.98,0.17,2.16,2.06,34.8,35.55,False
688025,2024-09-25,2024,5.03,2.81,-1.62,-1.72,33.28,32.74,True
688025,2024-10-21,2024,5.75,2.31,2.12,2.02,42.53,43.43,False
688025,2024-10-28,2024,5.6,3.4,1.71,1.61,46.79,47.59,False
688025,2024-10-29,2024,5.17,0.17,3.44,3.34,47.67,49.31,False
688025,2024-10-31,2024,5.01,1.89,-4.66,-4.76,52.76,50.3,True
688025,2024-11-05,2024,5.19,0.14,4.38,4.28,49.3,51.46,False
688025,2025-01-09,2025,5.96,-0.48,-0.42,-0.52,47.6,47.4,False
688025,2025-01-15,2025,6.9,0.49,-1.32,-1.42,49.2,48.55,True
688025,2025-03-25,2025,6.37,-1.55,-0.63,-0.73,57.24,56.88,False
688025,2025-04-11,2025,6.03,1.44,2.37,2.27,45.13,46.2,False
688025,2025-05-06,2025,5.43,1.56,2.16,2.06,49.48,50.55,False
688025,2025-06-10,2025,5.03,0.0,3.16,3.06,55.74,57.5,False
688025,2025-07-04,2025,6.02,-2.0,2.15,2.05,74.02,75.61,False
688025,2025-07-08,2025,5.26,0.1,2.23,2.13,79.67,81.45,False
688025,2025-07-15,2025,5.21,-0.94,-1.04,-1.14,84.0,83.13,False
688025,2025-07-24,2025,6.45,0.01,0.53,0.43,87.0,87.46,False
688025,2025-07-30,2025,6.4,0.34,-0.17,-0.27,94.92,94.76,True
688025,2025-08-04,2025,5.22,1.09,11.36,11.26,101.9,113.48,False
688025,2025-09-10,2025,5.69,0.13,6.72,6.62,149.21,159.24,False
688025,2025-09-11,2025,6.86,-1.27,6.95,6.85,157.21,168.14,False
688025,2025-09-12,2025,5.59,-0.02,-4.7,-4.8,168.1,160.2,False
688025,2025-10-27,2025,5.02,1.79,-1.45,-1.55,146.47,144.35,True
688025,2025-10-31,2025,5.63,1.45,-9.49,-9.59,171.25,155.0,True
688025,2025-11-25,2025,6.7,1.41,-2.17,-2.27,143.0,139.89,True
688025,2026-01-19,2026,6.07,-0.27,0.8,0.7,144.61,145.76,False
688025,2026-01-22,2026,5.76,1.32,-0.43,-0.53,145.62,145.0,True
688025,2026-03-30,2026,6.46,-1.87,6.64,6.54,220.0,234.6,False
688025,2026-04-10,2026,5.76,-1.37,1.99,1.89,271.82,277.22,False
688025,2026-04-23,2026,5.19,-1.8,-8.02,-8.12,328.0,301.68,False
688025,2026-04-28,2026,6.27,-1.19,2.04,1.94,308.29,314.57,False
688025,2026-05-08,2026,6.42,-3.36,3.6,3.5,362.0,375.02,False
688025,2026-05-18,2026,5.56,-3.24,4.45,4.35,382.0,399.0,False
688037,2024-02-23,2024,5.72,0.9,6.38,6.28,104.8,111.49,False
688037,2024-02-28,2024,5.95,-0.61,-8.77,-8.87,114.88,104.8,False
688037,2024-03-05,2024,5.65,-1.53,-2.47,-2.57,121.3,118.3,False
688037,2024-09-27,2024,6.05,1.55,5.42,5.32,65.5,69.05,False
688037,2024-11-14,2024,5.99,-1.93,-3.28,-3.38,111.0,107.36,False
688037,2024-11-20,2024,6.02,-0.2,-0.75,-0.85,102.52,101.75,False
688037,2025-03-05,2025,5.33,-2.33,-0.92,-1.02,89.3,88.48,False
688037,2025-03-25,2025,5.03,-0.52,-2.41,-2.51,102.98,100.5,False
688037,2025-04-10,2025,6.98,0.71,-0.22,-0.32,97.51,97.3,True
688037,2025-05-07,2025,5.05,0.7,-0.99,-1.09,100.8,99.8,True
688037,2025-06-19,2025,5.49,0.02,1.85,1.75,99.57,101.41,False
688037,2025-07-25,2025,5.56,-0.06,2.83,2.73,115.73,119.0,False
688037,2025-08-19,2025,5.18,-0.53,-2.79,-2.89,125.5,122.0,False
688037,2025-08-21,2025,6.54,-1.45,-1.34,-1.44,128.1,126.38,False
688037,2025-10-09,2025,5.33,0.59,0.15,0.05,149.88,150.1,False
688037,2025-10-14,2025,6.38,-0.63,-10.47,-10.57,157.0,140.56,False
688037,2025-11-07,2025,5.56,-0.6,0.63,0.53,130.51,131.33,False
688037,2025-12-05,2025,5.07,0.25,-0.44,-0.54,131.16,130.58,True
688037,2026-01-19,2026,5.43,-0.2,3.41,3.31,220.0,227.5,False
688037,2026-02-06,2026,6.01,-0.6,-1.36,-1.46,205.79,203.0,False
688037,2026-03-26,2026,5.46,-1.55,-0.71,-0.81,165.17,164.0,False
688037,2026-04-09,2026,6.21,-2.22,1.49,1.39,176.0,178.63,False
688037,2026-04-15,2026,6.51,2.05,-8.61,-8.71,199.13,181.99,True
688037,2026-04-23,2026,5.77,1.07,-3.16,-3.26,189.0,183.02,True
688041,2024-01-19,2024,6.26,-0.04,-0.04,-0.14,69.86,69.83,False
688041,2024-04-15,2024,5.38,-0.5,1.37,1.27,77.6,78.66,False
688041,2024-04-25,2024,5.12,-0.94,0.16,0.06,74.58,74.7,False
688041,2024-04-29,2024,5.97,0.86,0.1,0.0,79.84,79.92,False
688041,2024-08-01,2024,6.0,1.9,-1.67,-1.77,81.01,79.66,True
688041,2024-09-02,2024,5.85,-0.6,-1.32,-1.42,78.91,77.87,False
688041,2024-09-30,2024,6.3,4.65,14.64,14.54,90.09,103.28,False
688041,2024-10-10,2024,5.7,2.27,-2.2,-2.3,133.98,131.03,True
688041,2024-11-08,2024,6.43,2.91,-6.09,-6.19,145.88,136.99,True
688041,2024-12-20,2024,6.25,-0.61,2.39,2.29,128.0,131.06,False
688041,2025-02-27,2025,5.84,0.03,2.99,2.89,165.05,169.99,False
688041,2025-03-07,2025,5.9,-0.94,-1.05,-1.15,161.5,159.8,False
688041,2025-04-10,2025,5.4,1.62,-1.74,-1.84,143.77,141.27,True
688041,2025-08-29,2025,6.8,-2.58,-2.6,-2.7,199.71,194.52,False
688041,2025-09-11,2025,5.46,0.6,19.28,19.18,185.14,220.84,False
688041,2025-09-16,2025,5.22,1.11,5.1,5.0,234.07,246.0,False
688041,2025-09-17,2025,6.26,-1.8,0.46,0.36,241.57,242.69,False
688041,2025-10-16,2025,5.91,-4.58,1.31,1.21,230.0,233.01,False
688041,2025-10-27,2025,5.45,1.6,-0.78,-0.88,253.0,251.03,True
688041,2025-12-23,2025,5.44,-0.55,2.58,2.48,213.99,219.52,False
688041,2026-01-15,2026,6.76,0.99,-1.57,-1.67,254.0,250.0,True
688041,2026-04-09,2026,5.04,-1.53,0.89,0.79,225.0,227.0,False
688041,2026-04-14,2026,5.79,2.35,-0.89,-0.99,251.01,248.78,True
688041,2026-05-06,2026,6.27,8.73,6.93,6.83,322.1,344.41,False
688041,2026-05-26,2026,5.53,-2.03,5.62,5.52,323.0,341.16,False
688072,2024-01-26,2024,5.45,-0.49,-4.3,-4.4,181.1,173.31,False
688072,2024-07-16,2024,5.85,-0.93,1.83,1.73,122.85,125.1,False
688072,2024-11-01,2024,6.24,-0.57,-3.1,-3.2,160.08,155.11,False
688072,2024-11-11,2024,6.3,4.61,7.58,7.48,197.49,212.45,False
688072,2025-01-15,2025,5.12,0.05,-1.44,-1.54,151.7,149.51,True
688072,2025-02-26,2025,5.78,-0.03,-1.0,-1.1,187.4,185.52,False
688072,2025-07-07,2025,5.78,-0.76,3.62,3.52,157.0,162.69,False
688072,2025-07-24,2025,6.49,-0.66,1.49,1.39,174.21,176.81,False
688072,2025-08-25,2025,5.17,3.2,-2.73,-2.83,188.0,182.86,True
688072,2025-09-18,2025,6.16,-1.38,8.06,7.96,198.02,213.98,False
688072,2025-09-19,2025,6.56,0.48,-2.25,-2.35,215.0,210.16,True
688072,2025-09-30,2025,5.52,0.23,-1.67,-1.77,264.61,260.18,True
688072,2025-10-10,2025,6.73,-3.85,-0.75,-0.85,267.0,265.0,False
688072,2025-11-07,2025,5.74,-0.96,2.6,2.5,324.85,333.3,False
688072,2025-11-19,2025,5.16,-0.2,-2.3,-2.4,326.52,319.0,False
688072,2025-12-05,2025,6.0,-1.17,0.76,0.66,301.73,304.02,False
688072,2026-01-08,2026,6.43,-2.75,-2.65,-2.75,370.5,360.69,False
688072,2026-01-15,2026,6.28,-1.6,3.92,3.82,357.99,372.03,False
688072,2026-05-06,2026,5.03,5.0,-0.66,-0.76,467.24,464.16,True
688072,2026-05-20,2026,5.66,2.72,11.38,11.28,570.0,634.88,False
688116,2024-02-08,2024,5.53,2.35,4.7,4.6,18.74,19.62,False
688116,2024-04-02,2024,5.64,0.26,8.08,7.98,22.91,24.76,False
688116,2024-04-12,2024,6.94,-3.12,-6.95,-7.05,27.93,25.99,False
688116,2024-05-30,2024,5.13,0.8,-3.98,-4.08,28.93,27.78,True
688116,2024-07-12,2024,6.31,0.42,-2.68,-2.78,23.84,23.2,True
688116,2024-08-01,2024,6.99,-0.41,-2.1,-2.2,21.94,21.48,False
688116,2024-09-04,2024,5.78,-0.29,-0.29,-0.39,20.8,20.74,False
688116,2024-10-21,2024,6.61,1.47,0.19,0.09,26.99,27.04,False
688116,2025-01-15,2025,6.86,-1.29,-0.47,-0.57,38.3,38.12,False
688116,2025-02-13,2025,5.14,0.0,1.42,1.32,42.98,43.59,False
688116,2025-11-14,2025,6.72,0.4,2.9,2.8,55.18,56.78,False
688116,2026-04-30,2026,5.52,-2.12,0.87,0.77,42.5,42.87,False
688116,2026-05-27,2026,5.8,1.43,0.11,0.01,44.75,44.8,False
688126,2024-06-12,2024,5.86,5.87,-2.65,-2.75,15.5,15.09,True
688126,2024-10-22,2024,6.42,-2.23,1.06,0.96,23.65,23.9,False
688126,2024-11-20,2024,6.14,-0.69,0.17,0.07,23.0,23.04,False
688126,2025-08-29,2025,5.22,-0.09,-1.98,-2.08,21.16,20.74,False
688126,2025-09-25,2025,5.85,-1.87,4.94,4.84,24.7,25.92,False
688126,2026-01-28,2026,5.22,0.63,-0.88,-0.98,23.95,23.74,True
688126,2026-02-26,2026,5.65,0.91,-1.57,-1.67,22.28,21.93,True
688126,2026-04-09,2026,6.05,-1.57,-0.51,-0.61,17.6,17.51,False
688126,2026-05-12,2026,5.22,0.45,3.95,3.85,24.3,25.26,False
688200,2024-03-13,2024,6.43,-0.75,0.45,0.35,93.9,94.32,False
688200,2024-04-24,2024,5.25,0.37,0.81,0.71,99.87,100.68,False
688200,2024-05-06,2024,6.36,0.0,-3.58,-3.68,112.0,107.99,False
688200,2024-06-12,2024,5.89,-0.25,-2.69,-2.79,110.52,107.55,False
688200,2024-06-14,2024,5.14,-1.84,2.29,2.19,111.0,113.54,False
688200,2024-11-11,2024,5.08,1.73,4.74,4.64,129.4,135.54,False
688200,2024-11-12,2024,6.56,0.21,-3.63,-3.73,135.82,130.89,True
688200,2025-01-09,2025,5.05,-0.14,5.82,5.72,109.3,115.66,False
688200,2025-01-10,2025,5.67,-0.39,2.82,2.72,115.21,118.46,False
688200,2025-01-20,2025,5.41,0.44,0.62,0.52,124.91,125.68,False
688200,2025-03-05,2025,5.43,-2.33,7.79,7.69,145.56,156.9,False
688200,2025-03-06,2025,5.27,2.8,-2.35,-2.45,161.29,157.5,True
688200,2025-04-10,2025,5.43,0.51,-0.92,-1.02,141.22,139.92,True
688200,2025-07-30,2025,5.78,-0.23,0.22,0.12,143.96,144.28,False
688200,2025-08-28,2025,5.13,-1.58,4.05,3.95,172.99,179.99,False
688200,2025-09-18,2025,6.37,-0.04,1.65,1.55,188.0,191.1,False
688200,2025-09-25,2025,5.44,-2.74,-1.67,-1.77,213.01,209.45,False
688200,2025-10-29,2025,5.07,0.83,3.45,3.35,209.76,217.0,False
688200,2025-12-23,2025,5.69,0.43,2.25,2.15,181.51,185.6,False
688200,2026-01-08,2026,5.16,-0.23,0.73,0.63,209.17,210.69,False
688200,2026-01-13,2026,7.0,0.0,-3.53,-3.63,224.0,216.1,False
688200,2026-02-04,2026,5.46,-1.67,0.48,0.38,292.0,293.41,False
688200,2026-02-10,2026,5.67,2.28,6.55,6.45,288.8,307.73,False
688200,2026-03-17,2026,5.52,0.49,0.47,0.37,266.3,267.56,False
688200,2026-03-31,2026,5.4,-1.0,-6.19,-6.29,280.14,262.8,False
688200,2026-04-15,2026,5.38,0.2,-3.87,-3.97,297.52,286.0,True
688200,2026-05-14,2026,6.87,0.34,-0.91,-1.01,400.63,397.0,True
688200,2026-05-20,2026,5.02,-1.02,11.45,11.35,428.89,478.0,False
688396,2024-03-01,2024,5.02,0.47,0.77,0.67,43.05,43.38,False
688396,2025-02-20,2025,6.37,0.25,-0.61,-0.71,48.85,48.55,True
688396,2025-04-09,2025,6.36,-0.48,5.5,5.4,41.6,43.89,False
688396,2025-04-10,2025,5.0,1.69,1.08,0.98,44.63,45.11,False
688396,2025-10-10,2025,5.58,-1.62,-4.8,-4.9,57.7,54.93,False
688396,2025-12-18,2025,6.65,-1.23,-2.69,-2.79,57.2,55.66,False
688396,2026-01-07,2026,5.7,2.84,3.29,3.19,58.58,60.51,False
688396,2026-01-08,2026,6.23,-1.01,-2.5,-2.6,59.9,58.4,False
688396,2026-02-13,2026,6.02,-1.95,-2.02,-2.12,61.0,59.77,False
688396,2026-05-14,2026,5.32,1.33,-2.95,-3.05,65.0,63.08,True
688396,2026-05-26,2026,6.09,-1.0,-1.77,-1.87,65.54,64.38,False
688396,2026-05-29,2026,5.79,-0.57,-7.65,-7.75,69.4,64.09,False
688521,2024-04-18,2024,6.59,-0.13,-0.45,-0.55,31.17,31.03,False
688521,2024-04-29,2024,5.18,-2.15,6.3,6.2,31.41,33.39,False
688521,2024-06-12,2024,6.34,0.12,-2.08,-2.18,34.08,33.37,True
688521,2024-07-17,2024,5.1,-1.41,-3.6,-3.7,36.98,35.65,False
688521,2024-08-01,2024,5.14,0.15,0.71,0.61,33.59,33.83,False
688521,2024-09-30,2024,6.43,8.34,10.78,10.68,32.48,35.98,False
688521,2024-11-06,2024,6.34,0.49,-0.12,-0.22,42.95,42.9,True
688521,2024-12-02,2024,5.21,-1.79,2.43,2.33,51.0,52.24,False
688521,2024-12-19,2024,5.74,-1.63,5.68,5.58,50.03,52.87,False
688521,2024-12-23,2024,5.58,-0.88,-3.49,-3.59,55.33,53.4,False
688521,2025-01-08,2025,6.46,-1.92,3.07,2.97,46.88,48.32,False
688521,2025-01-15,2025,6.07,-0.45,2.29,2.19,51.18,52.35,False
688521,2025-02-24,2025,6.8,0.42,5.16,5.06,59.9,62.99,False
688521,2025-02-25,2025,5.6,-2.37,14.96,14.86,61.5,70.7,False
688521,2025-03-18,2025,5.17,0.7,2.81,2.71,91.83,94.41,False
688521,2025-03-27,2025,5.26,1.01,8.76,8.66,98.99,107.66,False
688521,2025-04-14,2025,6.12,0.29,5.11,5.01,97.0,101.96,False
688521,2025-04-15,2025,5.42,-0.94,1.02,0.92,101.0,102.03,False
688521,2025-06-30,2025,6.09,2.17,2.66,2.56,94.0,96.5,False
688521,2025-07-28,2025,6.89,0.0,2.93,2.83,93.03,95.76,False
688521,2025-08-19,2025,6.24,-1.74,15.39,15.29,110.3,127.28,False
688521,2025-08-26,2025,5.39,-5.01,-4.55,-4.65,149.99,143.17,False
688521,2025-09-12,2025,6.99,8.35,10.76,10.66,165.77,183.6,False
688521,2025-10-22,2025,5.07,-0.59,2.63,2.53,167.5,171.9,False
688521,2025-10-27,2025,5.85,1.2,-2.02,-2.12,179.0,175.38,True
688521,2025-11-27,2025,5.29,2.94,-1.28,-1.38,157.5,155.48,True
688521,2025-12-25,2025,5.05,-2.92,-4.02,-4.12,133.0,127.65,False
688521,2025-12-30,2025,5.71,-0.41,4.72,4.62,134.64,140.99,False
688521,2026-01-06,2026,5.3,-0.51,3.69,3.59,143.5,148.8,False
688521,2026-01-15,2026,5.88,0.85,-0.58,-0.68,182.51,181.45,True
688521,2026-02-02,2026,6.02,-3.16,-3.33,-3.43,215.0,207.85,False
688521,2026-03-06,2026,5.28,-0.66,0.56,0.46,239.5,240.85,False
688521,2026-04-28,2026,5.83,-0.02,-5.3,-5.4,242.0,229.17,False
688550,2024-02-07,2024,6.64,0.0,3.02,2.92,32.45,33.43,False
688550,2024-03-18,2024,6.4,-0.41,1.21,1.11,38.89,39.36,False
688550,2024-06-12,2024,5.03,-0.03,2.4,2.3,33.38,34.18,False
688550,2024-07-12,2024,5.05,0.0,-2.72,-2.82,23.52,22.88,False
688550,2024-09-30,2024,5.6,12.9,1.76,1.66,24.5,24.93,False
688550,2024-11-01,2024,5.93,-1.57,-3.06,-3.16,32.01,31.03,False
688550,2024-11-12,2024,5.38,2.26,-4.21,-4.31,35.67,34.17,True
688550,2024-12-19,2024,5.51,-1.47,1.84,1.74,31.53,32.11,False
688550,2025-02-19,2025,6.9,1.02,-0.95,-1.05,34.59,34.26,True
688550,2025-03-04,2025,5.39,-0.95,4.36,4.26,33.48,34.94,False
688550,2025-05-09,2025,6.26,-0.02,-1.06,-1.16,40.53,40.1,False
688550,2025-05-29,2025,5.08,0.85,1.86,1.76,43.98,44.8,False
688550,2025-08-19,2025,6.19,0.0,-1.95,-2.05,44.6,43.73,False
688550,2026-03-27,2026,6.05,-6.48,-2.31,-2.41,41.99,41.02,False
688550,2026-04-09,2026,5.13,-0.32,-1.84,-1.94,40.87,40.12,False
688550,2026-05-14,2026,6.24,0.61,1.04,0.94,46.28,46.76,False
688689,2024-02-28,2024,5.17,0.54,-12.95,-13.05,20.46,17.81,True
688689,2024-03-01,2024,5.28,1.07,2.59,2.49,18.95,19.44,False
688689,2024-04-30,2024,5.14,4.45,-2.32,-2.42,19.0,18.56,True
688689,2024-07-10,2024,6.4,-0.09,-0.38,-0.48,21.1,21.02,False
688689,2024-09-30,2024,6.02,4.23,11.47,11.37,19.45,21.68,False
688689,2024-11-20,2024,5.38,-0.37,2.67,2.57,24.01,24.65,False
688689,2025-01-20,2025,6.77,-1.0,-1.1,-1.2,21.85,21.61,False
688689,2025-04-14,2025,5.56,2.56,-0.95,-1.05,22.0,21.79,True
688689,2025-04-23,2025,5.9,-0.56,0.99,0.89,23.21,23.44,False
688689,2025-07-18,2025,5.16,0.08,-1.89,-1.99,24.88,24.41,True
688689,2025-09-08,2025,6.62,-0.71,2.46,2.36,26.4,27.05,False
688689,2025-09-25,2025,5.67,-0.69,1.25,1.15,28.88,29.24,False
688689,2025-10-22,2025,6.33,-0.21,-2.7,-2.8,28.17,27.41,False
688689,2025-10-27,2025,6.57,1.05,0.55,0.45,29.0,29.16,False
688689,2026-01-19,2026,6.22,0.16,-1.43,-1.53,31.45,31.0,True
688689,2026-02-02,2026,6.81,0.06,-7.78,-7.88,34.04,31.39,True
688689,2026-04-09,2026,5.17,-1.32,1.17,1.07,35.13,35.54,False
688981,2024-02-28,2024,5.34,-0.68,-3.06,-3.16,47.0,45.56,False
688981,2024-03-01,2024,6.12,-0.62,0.96,0.86,48.05,48.51,False
688981,2024-05-28,2024,5.12,0.0,-0.05,-0.15,43.13,43.11,False
688981,2024-05-31,2024,5.71,-0.64,-0.55,-0.65,45.1,44.85,False
688981,2024-07-22,2024,5.03,-0.59,0.16,0.06,50.9,50.98,False
688981,2024-11-08,2024,6.09,5.31,-6.52,-6.62,107.3,100.3,True
688981,2025-01-20,2025,6.31,0.27,-1.87,-1.97,102.98,101.05,True
688981,2025-04-10,2025,6.09,2.04,-1.16,-1.26,92.02,90.95,True
688981,2025-09-12,2025,6.13,-0.91,-0.79,-0.89,109.28,108.42,False
688981,2025-09-18,2025,6.93,2.21,1.81,1.71,119.98,122.15,False
688981,2025-09-23,2025,6.25,-0.99,0.68,0.58,127.64,128.51,False
688981,2025-09-25,2025,5.03,-1.47,0.83,0.73,133.0,134.11,False
688981,2025-10-14,2025,6.66,0.36,-7.13,-7.23,136.96,127.2,True
688981,2025-12-23,2025,6.0,0.04,-0.5,-0.6,120.5,119.9,True
688981,2026-01-06,2026,5.8,-0.73,2.2,2.1,129.0,131.84,False
688981,2026-04-09,2026,5.81,-1.76,0.32,0.22,99.4,99.72,False
688981,2026-04-28,2026,5.06,-1.15,-1.08,-1.18,115.24,114.0,False
688981,2026-05-06,2026,5.57,2.75,0.9,0.8,122.0,123.1,False
688981,2026-05-29,2026,5.12,-1.81,-7.3,-7.4,150.92,139.91,False
